"Step","Subsection","Problem ID","Problem","Completed","Revision","Difficulty","Problem URL","TUF Plus Solve URL","TUF Plus Editorial URL","Article URL","YouTube URL","Practice URL","Other Resources"
"Learn the basics","Things to Know in C++/Java/Python or any language","425","Input Output","Yes","No","Easy","https://takeuforward.org/c/c-basic-input-output/","https://takeuforward.org/plus/dsa/problems/input-output?source=strivers-a2z-dsa-track","https://takeuforward.org/plus/dsa/problems/input-output?tab=editorial&source=strivers-a2z-dsa-track","https://takeuforward.org/c/c-basic-input-output/","https://youtu.be/EAR7De6Goz4?t=250","",""
"Learn the basics","Things to Know in C++/Java/Python or any language","1211","Cpp Basics","Yes","No","Easy","https://takeuforward.org/data-structure/what-are-arrays-strings","https://takeuforward.org/plus/dsa/problems/cpp?source=strivers-a2z-dsa-track","https://takeuforward.org/plus/dsa/problems/cpp?source=strivers-a2z-dsa-track","https://takeuforward.org/data-structure/what-are-arrays-strings","https://youtu.be/EAR7De6Goz4?t=2415","",""
"Learn the basics","Things to Know in C++/Java/Python or any language","424","If ElseIf","Yes","No","Easy","https://takeuforward.org/if-else/if-else-statements/","https://takeuforward.org/plus/dsa/problems/if-elseif?source=strivers-a2z-dsa-track","https://takeuforward.org/plus/dsa/problems/if-elseif?tab=editorial&source=strivers-a2z-dsa-track","https://takeuforward.org/if-else/if-else-statements/","https://youtu.be/EAR7De6Goz4?t=1259","",""
"Learn the basics","Things to Know in C++/Java/Python or any language","429","Switch Case","Yes","No","Easy","https://takeuforward.org/switch-case/switch-case-statements/","https://takeuforward.org/plus/dsa/problems/switch-case?source=strivers-a2z-dsa-track","https://takeuforward.org/plus/dsa/problems/switch-case?tab=editorial&source=strivers-a2z-dsa-track","https://takeuforward.org/switch-case/switch-case-statements/","https://youtu.be/EAR7De6Goz4","",""
"Learn the basics","Things to Know in C++/Java/Python or any language","2869","What are arrays, strings?","Yes","No","Easy","https://takeuforward.org/data-structure/what-are-arrays-strings","https://takeuforward.org/plus/dsa/problems/cpp?source=strivers-a2z-dsa-track","https://takeuforward.org/plus/dsa/problems/cpp?source=strivers-a2z-dsa-track","https://takeuforward.org/data-structure/what-are-arrays-strings","https://youtu.be/EAR7De6Goz4?t=2415","",""
"Learn the basics","Things to Know in C++/Java/Python or any language","2867","For loops","Yes","No","Easy","https://takeuforward.org/for-loop/understanding-for-loop/","https://takeuforward.org/plus/dsa/problems/for-loop?source=strivers-a2z-dsa-track","https://takeuforward.org/plus/dsa/problems/for-loop?source=strivers-a2z-dsa-track","https://takeuforward.org/for-loop/understanding-for-loop/","https://youtu.be/EAR7De6Goz4?t=3096","",""
"Learn the basics","Things to Know in C++/Java/Python or any language","2868","While loops","Yes","No","Easy","https://takeuforward.org/while-loop/while-loops-in-programming/","https://takeuforward.org/plus/dsa/problems/while-loop?source=strivers-a2z-dsa-track","https://takeuforward.org/plus/dsa/problems/while-loop?source=strivers-a2z-dsa-track","https://takeuforward.org/while-loop/while-loops-in-programming/","https://youtu.be/EAR7De6Goz4?t=3459","",""
"Learn the basics","Things to Know in C++/Java/Python or any language","2866","Functions (Pass by Reference and Value)","Yes","No","Easy","https://takeuforward.org/data-structure/functions-pass-by-reference-and-value","https://takeuforward.org/plus/dsa/problems/pass-by-ref?source=strivers-a2z-dsa-track","https://takeuforward.org/plus/dsa/problems/pass-by-ref?source=strivers-a2z-dsa-track","https://takeuforward.org/data-structure/functions-pass-by-reference-and-value","https://youtu.be/EAR7De6Goz4?t=3677","",""
"Learn the basics","Things to Know in C++/Java/Python or any language","1219","Theory with examples","Yes","No","Easy","https://takeuforward.org/time-complexity/time-and-space-complexity-strivers-a2z-dsa-course/","https://takeuforward.org/plus/dsa/problems/theory-with-examples?source=strivers-a2z-dsa-track","https://takeuforward.org/plus/dsa/problems/theory-with-examples?source=strivers-a2z-dsa-track","https://takeuforward.org/time-complexity/time-and-space-complexity-strivers-a2z-dsa-course/","https://youtu.be/FPu9Uld7W-E","",""
"Learn the basics","Build-up Logical Thinking","1216","Easy and Medium","Yes","No","Easy","https://takeuforward.org/strivers-a2z-dsa-course/must-do-pattern-problems-before-starting-dsa/","https://takeuforward.org/plus/dsa/problems/easy-and-medium?source=strivers-a2z-dsa-track","https://takeuforward.org/plus/dsa/problems/easy-and-medium?tab=editorial&source=strivers-a2z-dsa-track","https://takeuforward.org/strivers-a2z-dsa-course/must-do-pattern-problems-before-starting-dsa/","https://www.youtube.com/watch?v=tNm_NNSB3_w&list=PLgUwDviBIf0oF6QL8m22w1hIDC1vJ_BHz&index=3","",""
"Learn the basics","Build-up Logical Thinking","1205","Hard","No","No","Easy","https://takeuforward.org/strivers-a2z-dsa-course/must-do-pattern-problems-before-starting-dsa/","https://takeuforward.org/plus/dsa/problems/hard?source=strivers-a2z-dsa-track","https://takeuforward.org/plus/dsa/problems/hard?tab=editorial&source=strivers-a2z-dsa-track","https://takeuforward.org/strivers-a2z-dsa-course/must-do-pattern-problems-before-starting-dsa/","https://www.youtube.com/watch?v=tNm_NNSB3_w&list=PLgUwDviBIf0oF6QL8m22w1hIDC1vJ_BHz&index=3","",""
"Learn the basics","Patterns","401","Pattern 1","No","No","Easy","https://takeuforward.org/strivers-a2z-dsa-course/must-do-pattern-problems-before-starting-dsa/","https://takeuforward.org/plus/dsa/problems/pattern-1?source=strivers-a2z-dsa-track","https://takeuforward.org/plus/dsa/problems/pattern-1?tab=editorial&source=strivers-a2z-dsa-track","https://takeuforward.org/strivers-a2z-dsa-course/must-do-pattern-problems-before-starting-dsa/","https://www.youtube.com/watch?v=tNm_NNSB3_w&list=PLgUwDviBIf0oF6QL8m22w1hIDC1vJ_BHz&index=3","",""
"Learn the basics","Patterns","412","Pattern 2","No","No","Easy","https://takeuforward.org/strivers-a2z-dsa-course/must-do-pattern-problems-before-starting-dsa/","https://takeuforward.org/plus/dsa/problems/pattern-2?source=strivers-a2z-dsa-track","https://takeuforward.org/plus/dsa/problems/pattern-2?tab=editorial&source=strivers-a2z-dsa-track","https://takeuforward.org/strivers-a2z-dsa-course/must-do-pattern-problems-before-starting-dsa/","https://www.youtube.com/watch?v=tNm_NNSB3_w&list=PLgUwDviBIf0oF6QL8m22w1hIDC1vJ_BHz&index=3","",""
"Learn the basics","Patterns","416","Pattern 3","No","No","Easy","https://takeuforward.org/strivers-a2z-dsa-course/must-do-pattern-problems-before-starting-dsa/","https://takeuforward.org/plus/dsa/problems/pattern-3?source=strivers-a2z-dsa-track","https://takeuforward.org/plus/dsa/problems/pattern-3?tab=editorial&source=strivers-a2z-dsa-track","https://takeuforward.org/strivers-a2z-dsa-course/must-do-pattern-problems-before-starting-dsa/","https://www.youtube.com/watch?v=tNm_NNSB3_w&list=PLgUwDviBIf0oF6QL8m22w1hIDC1vJ_BHz&index=3","",""
"Learn the basics","Patterns","417","Pattern 4","No","No","Easy","https://takeuforward.org/strivers-a2z-dsa-course/must-do-pattern-problems-before-starting-dsa/","https://takeuforward.org/plus/dsa/problems/pattern-4?source=strivers-a2z-dsa-track","https://takeuforward.org/plus/dsa/problems/pattern-4?tab=editorial&source=strivers-a2z-dsa-track","https://takeuforward.org/strivers-a2z-dsa-course/must-do-pattern-problems-before-starting-dsa/","https://www.youtube.com/watch?v=tNm_NNSB3_w&list=PLgUwDviBIf0oF6QL8m22w1hIDC1vJ_BHz&index=3","",""
"Learn the basics","Patterns","418","Pattern 5","No","No","Easy","https://takeuforward.org/strivers-a2z-dsa-course/must-do-pattern-problems-before-starting-dsa/","https://takeuforward.org/plus/dsa/problems/pattern-5?source=strivers-a2z-dsa-track","https://takeuforward.org/plus/dsa/problems/pattern-5?tab=editorial&source=strivers-a2z-dsa-track","https://takeuforward.org/strivers-a2z-dsa-course/must-do-pattern-problems-before-starting-dsa/","https://www.youtube.com/watch?v=tNm_NNSB3_w&list=PLgUwDviBIf0oF6QL8m22w1hIDC1vJ_BHz&index=3","",""
"Learn the basics","Patterns","419","Pattern 6","No","No","Easy","https://takeuforward.org/strivers-a2z-dsa-course/must-do-pattern-problems-before-starting-dsa/","https://takeuforward.org/plus/dsa/problems/pattern-6?source=strivers-a2z-dsa-track","https://takeuforward.org/plus/dsa/problems/pattern-6?tab=editorial&source=strivers-a2z-dsa-track","https://takeuforward.org/strivers-a2z-dsa-course/must-do-pattern-problems-before-starting-dsa/","https://www.youtube.com/watch?v=tNm_NNSB3_w&list=PLgUwDviBIf0oF6QL8m22w1hIDC1vJ_BHz&index=3","",""
"Learn the basics","Patterns","420","Pattern 7","No","No","Easy","https://takeuforward.org/strivers-a2z-dsa-course/must-do-pattern-problems-before-starting-dsa/","https://takeuforward.org/plus/dsa/problems/pattern-7?source=strivers-a2z-dsa-track","https://takeuforward.org/plus/dsa/problems/pattern-7?tab=editorial&source=strivers-a2z-dsa-track","https://takeuforward.org/strivers-a2z-dsa-course/must-do-pattern-problems-before-starting-dsa/","https://www.youtube.com/watch?v=tNm_NNSB3_w&list=PLgUwDviBIf0oF6QL8m22w1hIDC1vJ_BHz&index=3","",""
"Learn the basics","Patterns","421","Pattern 8","No","No","Easy","https://takeuforward.org/strivers-a2z-dsa-course/must-do-pattern-problems-before-starting-dsa/","https://takeuforward.org/plus/dsa/problems/pattern-8?source=strivers-a2z-dsa-track","https://takeuforward.org/plus/dsa/problems/pattern-8?tab=editorial&source=strivers-a2z-dsa-track","https://takeuforward.org/strivers-a2z-dsa-course/must-do-pattern-problems-before-starting-dsa/","https://www.youtube.com/watch?v=tNm_NNSB3_w&list=PLgUwDviBIf0oF6QL8m22w1hIDC1vJ_BHz&index=3","",""
"Learn the basics","Patterns","422","Pattern 9","No","No","Easy","https://takeuforward.org/strivers-a2z-dsa-course/must-do-pattern-problems-before-starting-dsa/","https://takeuforward.org/plus/dsa/problems/pattern-9?source=strivers-a2z-dsa-track","https://takeuforward.org/plus/dsa/problems/pattern-9?tab=editorial&source=strivers-a2z-dsa-track","https://takeuforward.org/strivers-a2z-dsa-course/must-do-pattern-problems-before-starting-dsa/","https://www.youtube.com/watch?v=tNm_NNSB3_w&list=PLgUwDviBIf0oF6QL8m22w1hIDC1vJ_BHz&index=3","",""
"Learn the basics","Patterns","402","Pattern 10","No","No","Easy","https://takeuforward.org/strivers-a2z-dsa-course/must-do-pattern-problems-before-starting-dsa/","https://takeuforward.org/plus/dsa/problems/pattern-10?source=strivers-a2z-dsa-track","https://takeuforward.org/plus/dsa/problems/pattern-10?tab=editorial&source=strivers-a2z-dsa-track","https://takeuforward.org/strivers-a2z-dsa-course/must-do-pattern-problems-before-starting-dsa/","https://www.youtube.com/watch?v=tNm_NNSB3_w&list=PLgUwDviBIf0oF6QL8m22w1hIDC1vJ_BHz&index=3","",""
"Learn the basics","Patterns","403","Pattern 11","No","No","Easy","https://takeuforward.org/strivers-a2z-dsa-course/must-do-pattern-problems-before-starting-dsa/","https://takeuforward.org/plus/dsa/problems/pattern-11?source=strivers-a2z-dsa-track","https://takeuforward.org/plus/dsa/problems/pattern-11?tab=editorial&source=strivers-a2z-dsa-track","https://takeuforward.org/strivers-a2z-dsa-course/must-do-pattern-problems-before-starting-dsa/","https://www.youtube.com/watch?v=tNm_NNSB3_w&list=PLgUwDviBIf0oF6QL8m22w1hIDC1vJ_BHz&index=3","",""
"Learn the basics","Patterns","404","Pattern 12","No","No","Easy","https://takeuforward.org/strivers-a2z-dsa-course/must-do-pattern-problems-before-starting-dsa/","https://takeuforward.org/plus/dsa/problems/pattern-12?source=strivers-a2z-dsa-track","https://takeuforward.org/plus/dsa/problems/pattern-12?tab=editorial&source=strivers-a2z-dsa-track","https://takeuforward.org/strivers-a2z-dsa-course/must-do-pattern-problems-before-starting-dsa/","https://www.youtube.com/watch?v=tNm_NNSB3_w&list=PLgUwDviBIf0oF6QL8m22w1hIDC1vJ_BHz&index=3","",""
"Learn the basics","Patterns","405","Pattern 13","No","No","Easy","https://takeuforward.org/strivers-a2z-dsa-course/must-do-pattern-problems-before-starting-dsa/","https://takeuforward.org/plus/dsa/problems/pattern-13?source=strivers-a2z-dsa-track","https://takeuforward.org/plus/dsa/problems/pattern-13?tab=editorial&source=strivers-a2z-dsa-track","https://takeuforward.org/strivers-a2z-dsa-course/must-do-pattern-problems-before-starting-dsa/","https://www.youtube.com/watch?v=tNm_NNSB3_w&list=PLgUwDviBIf0oF6QL8m22w1hIDC1vJ_BHz&index=3","",""
"Learn the basics","Patterns","406","Pattern 14","No","No","Easy","https://takeuforward.org/strivers-a2z-dsa-course/must-do-pattern-problems-before-starting-dsa/","https://takeuforward.org/plus/dsa/problems/pattern-14?source=strivers-a2z-dsa-track","https://takeuforward.org/plus/dsa/problems/pattern-14?tab=editorial&source=strivers-a2z-dsa-track","https://takeuforward.org/strivers-a2z-dsa-course/must-do-pattern-problems-before-starting-dsa/","https://www.youtube.com/watch?v=tNm_NNSB3_w&list=PLgUwDviBIf0oF6QL8m22w1hIDC1vJ_BHz&index=3","",""
"Learn the basics","Patterns","407","Pattern 15","No","No","Easy","https://takeuforward.org/strivers-a2z-dsa-course/must-do-pattern-problems-before-starting-dsa/","https://takeuforward.org/plus/dsa/problems/pattern-15?source=strivers-a2z-dsa-track","https://takeuforward.org/plus/dsa/problems/pattern-15?tab=editorial&source=strivers-a2z-dsa-track","https://takeuforward.org/strivers-a2z-dsa-course/must-do-pattern-problems-before-starting-dsa/","https://www.youtube.com/watch?v=tNm_NNSB3_w&list=PLgUwDviBIf0oF6QL8m22w1hIDC1vJ_BHz&index=3","",""
"Learn the basics","Patterns","408","Pattern 16","No","No","Easy","https://takeuforward.org/strivers-a2z-dsa-course/must-do-pattern-problems-before-starting-dsa/","https://takeuforward.org/plus/dsa/problems/pattern-16?source=strivers-a2z-dsa-track","https://takeuforward.org/plus/dsa/problems/pattern-16?tab=editorial&source=strivers-a2z-dsa-track","https://takeuforward.org/strivers-a2z-dsa-course/must-do-pattern-problems-before-starting-dsa/","https://www.youtube.com/watch?v=tNm_NNSB3_w&list=PLgUwDviBIf0oF6QL8m22w1hIDC1vJ_BHz&index=3","",""
"Learn the basics","Patterns","409","Pattern 17","No","No","Easy","https://takeuforward.org/strivers-a2z-dsa-course/must-do-pattern-problems-before-starting-dsa/","https://takeuforward.org/plus/dsa/problems/pattern-17?source=strivers-a2z-dsa-track","https://takeuforward.org/plus/dsa/problems/pattern-17?tab=editorial&source=strivers-a2z-dsa-track","https://takeuforward.org/strivers-a2z-dsa-course/must-do-pattern-problems-before-starting-dsa/","https://www.youtube.com/watch?v=tNm_NNSB3_w&list=PLgUwDviBIf0oF6QL8m22w1hIDC1vJ_BHz&index=3","",""
"Learn the basics","Patterns","410","Pattern 18","No","No","Easy","https://takeuforward.org/strivers-a2z-dsa-course/must-do-pattern-problems-before-starting-dsa/","https://takeuforward.org/plus/dsa/problems/pattern-18?source=strivers-a2z-dsa-track","https://takeuforward.org/plus/dsa/problems/pattern-18?tab=editorial&source=strivers-a2z-dsa-track","https://takeuforward.org/strivers-a2z-dsa-course/must-do-pattern-problems-before-starting-dsa/","https://www.youtube.com/watch?v=tNm_NNSB3_w&list=PLgUwDviBIf0oF6QL8m22w1hIDC1vJ_BHz&index=3","",""
"Learn the basics","Patterns","411","Pattern 19","No","No","Easy","https://takeuforward.org/strivers-a2z-dsa-course/must-do-pattern-problems-before-starting-dsa/","https://takeuforward.org/plus/dsa/problems/pattern-19?source=strivers-a2z-dsa-track","https://takeuforward.org/plus/dsa/problems/pattern-19?tab=editorial&source=strivers-a2z-dsa-track","https://takeuforward.org/strivers-a2z-dsa-course/must-do-pattern-problems-before-starting-dsa/","https://www.youtube.com/watch?v=tNm_NNSB3_w&list=PLgUwDviBIf0oF6QL8m22w1hIDC1vJ_BHz&index=3","",""
"Learn the basics","Patterns","413","Pattern 20","No","No","Medium","https://takeuforward.org/strivers-a2z-dsa-course/must-do-pattern-problems-before-starting-dsa/","https://takeuforward.org/plus/dsa/problems/pattern-20?source=strivers-a2z-dsa-track","https://takeuforward.org/plus/dsa/problems/pattern-20?tab=editorial&source=strivers-a2z-dsa-track","https://takeuforward.org/strivers-a2z-dsa-course/must-do-pattern-problems-before-starting-dsa/","https://www.youtube.com/watch?v=tNm_NNSB3_w&list=PLgUwDviBIf0oF6QL8m22w1hIDC1vJ_BHz&index=3","",""
"Learn the basics","Patterns","414","Pattern 21","No","No","Medium","https://takeuforward.org/strivers-a2z-dsa-course/must-do-pattern-problems-before-starting-dsa/","https://takeuforward.org/plus/dsa/problems/pattern-21?source=strivers-a2z-dsa-track","https://takeuforward.org/plus/dsa/problems/pattern-21?tab=editorial&source=strivers-a2z-dsa-track","https://takeuforward.org/strivers-a2z-dsa-course/must-do-pattern-problems-before-starting-dsa/","https://www.youtube.com/watch?v=tNm_NNSB3_w&list=PLgUwDviBIf0oF6QL8m22w1hIDC1vJ_BHz&index=3","",""
"Learn the basics","Patterns","415","Pattern 22","No","No","Medium","https://takeuforward.org/strivers-a2z-dsa-course/must-do-pattern-problems-before-starting-dsa/","https://takeuforward.org/plus/dsa/problems/pattern-22?source=strivers-a2z-dsa-track","https://takeuforward.org/plus/dsa/problems/pattern-22?tab=editorial&source=strivers-a2z-dsa-track","https://takeuforward.org/strivers-a2z-dsa-course/must-do-pattern-problems-before-starting-dsa/","https://www.youtube.com/watch?v=tNm_NNSB3_w&list=PLgUwDviBIf0oF6QL8m22w1hIDC1vJ_BHz&index=3","",""
"Learn the basics","Learn STL/Java-Collections or similar thing in your             language","1218","STL","Yes","No","Easy","https://takeuforward.org/c/c-stl-tutorial-most-frequent-used-stl-containers/","https://takeuforward.org/plus/dsa/problems/stl?source=strivers-a2z-dsa-track","https://takeuforward.org/plus/dsa/problems/stl?source=strivers-a2z-dsa-track","https://takeuforward.org/c/c-stl-tutorial-most-frequent-used-stl-containers/","https://www.youtube.com/watch?v=RRVYpIET_RU","",""
"Learn the basics","Learn STL/Java-Collections or similar thing in your             language","1217","Java Collections","Yes","No","Easy","https://takeuforward.org/data-structure/java-collections","https://takeuforward.org/plus/dsa/problems/java-collections?source=strivers-a2z-dsa-track","https://takeuforward.org/plus/dsa/problems/java-collections?source=strivers-a2z-dsa-track","https://takeuforward.org/data-structure/java-collections","","",""
"Learn the basics","Know Basic Maths","367","Count all Digits of a Number","Yes","No","Easy","https://takeuforward.org/data-structure/count-digits-in-a-number/","https://takeuforward.org/plus/dsa/problems/count-all-digits-of-a-number?source=strivers-a2z-dsa-track","https://takeuforward.org/plus/dsa/problems/count-all-digits-of-a-number?tab=editorial&source=strivers-a2z-dsa-track","https://takeuforward.org/data-structure/count-digits-in-a-number/","https://youtu.be/1xNbjMdbjug","",""
"Learn the basics","Know Basic Maths","376","Reverse a number","Yes","No","Easy","https://takeuforward.org/maths/reverse-digits-of-a-number","https://takeuforward.org/plus/dsa/problems/reverse-a-number?source=strivers-a2z-dsa-track","https://takeuforward.org/plus/dsa/problems/reverse-a-number?tab=editorial&source=strivers-a2z-dsa-track","https://takeuforward.org/maths/reverse-digits-of-a-number","https://youtu.be/1xNbjMdbjug?t=930","https://leetcode.com/problems/reverse-integer/",""
"Learn the basics","Know Basic Maths","374","Palindrome Number","Yes","No","Easy","https://takeuforward.org/data-structure/check-if-a-number-is-palindrome-or-not/","https://takeuforward.org/plus/dsa/problems/palindrome-number?source=strivers-a2z-dsa-track","https://takeuforward.org/plus/dsa/problems/palindrome-number?tab=editorial&source=strivers-a2z-dsa-track","https://takeuforward.org/data-structure/check-if-a-number-is-palindrome-or-not/","https://youtu.be/1xNbjMdbjug?t=1230","https://leetcode.com/problems/palindrome-number/",""
"Learn the basics","Know Basic Maths","372","GCD of Two Numbers","Yes","No","Easy","https://takeuforward.org/data-structure/find-gcd-of-two-numbers/","https://takeuforward.org/plus/dsa/problems/gcd-of-two-numbers?source=strivers-a2z-dsa-track","https://takeuforward.org/plus/dsa/problems/gcd-of-two-numbers?tab=editorial&source=strivers-a2z-dsa-track","https://takeuforward.org/data-structure/find-gcd-of-two-numbers/","https://youtu.be/1xNbjMdbjug?t=2684","",""
"Learn the basics","Know Basic Maths","366","Check if the Number is Armstrong","Yes","No","Easy","https://takeuforward.org/maths/check-if-a-number-is-armstrong-number-or-not/","https://takeuforward.org/plus/dsa/problems/check-if-the-number-if-armstrong?source=strivers-a2z-dsa-track","https://takeuforward.org/plus/dsa/problems/check-if-the-number-if-armstrong?tab=editorial&source=strivers-a2z-dsa-track","https://takeuforward.org/maths/check-if-a-number-is-armstrong-number-or-not/","https://youtu.be/1xNbjMdbjug?t=1418","https://leetcode.com/problems/armstrong-number/",""
"Learn the basics","Know Basic Maths","2807","Print all Divisors","Yes","No","easy","https://takeuforward.org/data-structure/print-all-divisors-of-a-given-number/","https://takeuforward.org/plus/dsa/problems/divisors-of-a-number?source=strivers-a2z-dsa-track","https://takeuforward.org/plus/dsa/problems/divisors-of-a-number?tab=editorial&source=strivers-a2z-dsa-track","https://takeuforward.org/data-structure/print-all-divisors-of-a-given-number/","https://youtu.be/1xNbjMdbjug?t=1580","",""
"Learn the basics","Know Basic Maths","365","Check for Prime Number","Yes","No","Easy","https://takeuforward.org/data-structure/check-if-a-number-is-prime-or-not/","https://takeuforward.org/plus/dsa/problems/check-for-prime-number?source=strivers-a2z-dsa-track","https://takeuforward.org/plus/dsa/problems/check-for-prime-number?tab=editorial&source=strivers-a2z-dsa-track","https://takeuforward.org/data-structure/check-if-a-number-is-prime-or-not/","https://youtu.be/1xNbjMdbjug?t=2381","",""
"Learn the basics","Learn Basic Recursion","2401","Understand recursion by print something N times","Yes","No","Easy","https://takeuforward.org/recursion/introduction-to-recursion-understand-recursion-by-printing-something-n-times/","","https://takeuforward.org/plus/dsa/problems/recursion-theory?source=strivers-a2z-dsa-track","https://takeuforward.org/recursion/introduction-to-recursion-understand-recursion-by-printing-something-n-times/","https://www.youtube.com/watch?v=yVdKa8dnKiE&list=PLgUwDviBIf0rGlzIn_7rsaR2FQ5e6ZOL9","",""
"Learn the basics","Learn Basic Recursion","2405","Print name N times using recursion","Yes","No","Easy","https://takeuforward.org/recursion/print-name-n-times-using-recursion/","","https://takeuforward.org/plus/dsa/problems/recursion-theory?source=strivers-a2z-dsa-track","https://takeuforward.org/recursion/print-name-n-times-using-recursion/","https://www.youtube.com/watch?v=un6PLygfXrA&list=PLgUwDviBIf0rGlzIn_7rsaR2FQ5e6ZOL9&index=2","",""
"Learn the basics","Learn Basic Recursion","850","Print 1 to N using Recursion","Yes","No","Easy","https://takeuforward.org/recursion/print-1-to-n-using-recursion/","https://takeuforward.org/plus/dsa/problems/print-1-to-n-using-recursion?source=strivers-a2z-dsa-track","https://takeuforward.org/plus/dsa/problems/print-1-to-n-using-recursion?tab=editorial&source=strivers-a2z-dsa-track","https://takeuforward.org/recursion/print-1-to-n-using-recursion/","https://www.youtube.com/watch?v=un6PLygfXrA&list=PLgUwDviBIf0rGlzIn_7rsaR2FQ5e6ZOL9&index=2","",""
"Learn the basics","Learn Basic Recursion","852","Print N to 1 using Recursion","Yes","No","Easy","https://takeuforward.org/recursion/print-n-to-1-using-recursion/","https://takeuforward.org/plus/dsa/problems/print-n-to-1-using-recursion?source=strivers-a2z-dsa-track","https://takeuforward.org/plus/dsa/problems/print-n-to-1-using-recursion?tab=editorial&source=strivers-a2z-dsa-track","https://takeuforward.org/recursion/print-n-to-1-using-recursion/","https://www.youtube.com/watch?v=un6PLygfXrA&list=PLgUwDviBIf0rGlzIn_7rsaR2FQ5e6ZOL9&index=2","",""
"Learn the basics","Learn Basic Recursion","386","Sum of First N Numbers","Yes","No","Easy","https://takeuforward.org/data-structure/sum-of-first-n-natural-numbers/","https://takeuforward.org/plus/dsa/problems/sum-of-first-n-numbers?source=strivers-a2z-dsa-track","https://takeuforward.org/plus/dsa/problems/sum-of-first-n-numbers?tab=editorial&source=strivers-a2z-dsa-track","https://takeuforward.org/data-structure/sum-of-first-n-natural-numbers/","https://www.youtube.com/watch?v=69ZCDFy-OUo&list=PLgUwDviBIf0rGlzIn_7rsaR2FQ5e6ZOL9&index=3","",""
"Learn the basics","Learn Basic Recursion","371","Factorial of a given number","Yes","No","Easy","https://takeuforward.org/data-structure/factorial-of-a-number-iterative-and-recursive","https://takeuforward.org/plus/dsa/problems/factorial-of-a-given-number-i?source=strivers-a2z-dsa-track","https://takeuforward.org/plus/dsa/problems/factorial-of-a-given-number?tab=editorial&source=strivers-a2z-dsa-track","https://takeuforward.org/data-structure/factorial-of-a-number-iterative-and-recursive","https://www.youtube.com/watch?v=69ZCDFy-OUo&list=PLgUwDviBIf0rGlzIn_7rsaR2FQ5e6ZOL9&index=3","",""
"Learn the basics","Learn Basic Recursion","342","Reverse an array","Yes","No","Easy","https://takeuforward.org/data-structure/reverse-a-given-array/","https://takeuforward.org/plus/dsa/problems/reverse-an-array?source=strivers-a2z-dsa-track","https://takeuforward.org/plus/dsa/problems/reverse-an-array?tab=editorial&source=strivers-a2z-dsa-track","https://takeuforward.org/data-structure/reverse-a-given-array/","https://www.youtube.com/watch?v=twuC1F6gLI8&list=PLgUwDviBIf0rGlzIn_7rsaR2FQ5e6ZOL9&index=4","",""
"Learn the basics","Learn Basic Recursion","378","Check if String is Palindrome or Not","Yes","No","Easy","https://takeuforward.org/data-structure/check-if-the-given-string-is-palindrome-or-not/","https://takeuforward.org/plus/dsa/problems/check-if-string-is-palindrome-or-not-?source=strivers-a2z-dsa-track","https://takeuforward.org/plus/dsa/problems/check-if-string-is-palindrome-or-not-?tab=editorial&source=strivers-a2z-dsa-track","https://takeuforward.org/data-structure/check-if-the-given-string-is-palindrome-or-not/","https://www.youtube.com/watch?v=twuC1F6gLI8&list=PLgUwDviBIf0rGlzIn_7rsaR2FQ5e6ZOL9&index=4","https://leetcode.com/problems/valid-palindrome/",""
"Learn the basics","Learn Basic Recursion","381","Fibonacci Number","Yes","No","Easy","https://takeuforward.org/arrays/print-fibonacci-series-up-to-nth-term/","https://takeuforward.org/plus/dsa/problems/fibonacci-number?source=strivers-a2z-dsa-track","https://takeuforward.org/plus/dsa/problems/fibonacci-number?tab=editorial&source=strivers-a2z-dsa-track","https://takeuforward.org/arrays/print-fibonacci-series-up-to-nth-term/","https://www.youtube.com/watch?v=kvRjNm4rVBE&list=PLgUwDviBIf0rGlzIn_7rsaR2FQ5e6ZOL9&index=5","https://leetcode.com/problems/fibonacci-number/",""
"Learn the basics","Learn Basic Hashing","1203","Basic Hashing","Yes","No","Easy","https://takeuforward.org/hashing/hashing-maps-time-complexity-collisions-division-rule-of-hashing-strivers-a2z-dsa-course/","https://takeuforward.org/plus/dsa/problems/basic-hashing?source=strivers-a2z-dsa-track","https://takeuforward.org/plus/dsa/problems/basic-hashing?source=strivers-a2z-dsa-track","https://takeuforward.org/hashing/hashing-maps-time-complexity-collisions-division-rule-of-hashing-strivers-a2z-dsa-course/","https://www.youtube.com/watch?v=KEs5UyBJ39g","",""
"Learn the basics","Learn Basic Hashing","252","Counting Frequencies of Array Elements","Yes","No","Easy","https://takeuforward.org/data-structure/count-frequency-of-each-element-in-the-array/","https://takeuforward.org/plus/dsa/problems/counting-frequencies-of-array-elements?source=strivers-a2z-dsa-track","https://takeuforward.org/plus/dsa/problems/counting-frequencies-of-array-elements?tab=editorial&source=strivers-a2z-dsa-track","https://takeuforward.org/data-structure/count-frequency-of-each-element-in-the-array/","","",""
"Learn the basics","Learn Basic Hashing","344","Highest Occurring Element in an Array","Yes","No","Easy","https://takeuforward.org/arrays/find-the-highest-lowest-frequency-element/","https://takeuforward.org/plus/dsa/problems/highest-occurring-element-in-an-array?source=strivers-a2z-dsa-track","https://takeuforward.org/plus/dsa/problems/highest-occurring-element-in-an-array?tab=editorial&source=strivers-a2z-dsa-track","https://takeuforward.org/arrays/find-the-highest-lowest-frequency-element/","","https://leetcode.com/problems/frequency-of-the-most-frequent-element/",""
"Learn Important Sorting Techniques","Sorting-I","947","Selection Sort","No","No","Easy","https://takeuforward.org/sorting/selection-sort-algorithm/","https://takeuforward.org/plus/dsa/problems/selection-sort?source=strivers-a2z-dsa-track","https://takeuforward.org/plus/dsa/problems/selection-sort?tab=editorial&source=strivers-a2z-dsa-track","https://takeuforward.org/sorting/selection-sort-algorithm/","https://youtu.be/HGk_ypEuS24?t=167","",""
"Learn Important Sorting Techniques","Sorting-I","943","Bubble Sort","No","No","Easy","https://takeuforward.org/data-structure/bubble-sort-algorithm/","https://takeuforward.org/plus/dsa/problems/bubble-sort?source=strivers-a2z-dsa-track","https://takeuforward.org/plus/dsa/problems/bubble-sort?tab=editorial&source=strivers-a2z-dsa-track","https://takeuforward.org/data-structure/bubble-sort-algorithm/","https://youtu.be/HGk_ypEuS24?t=1061","",""
"Learn Important Sorting Techniques","Sorting-I","944","Insertion Sorting","No","No","Easy","https://takeuforward.org/data-structure/insertion-sort-algorithm/","https://takeuforward.org/plus/dsa/problems/insertion-sorting?source=strivers-a2z-dsa-track","https://takeuforward.org/plus/dsa/problems/insertion-sorting?tab=editorial&source=strivers-a2z-dsa-track","https://takeuforward.org/data-structure/insertion-sort-algorithm/","https://youtu.be/HGk_ypEuS24?t=1900","",""
"Learn Important Sorting Techniques","Sorting-II","945","Merge Sorting","No","No","Medium","https://takeuforward.org/data-structure/merge-sort-algorithm/","https://takeuforward.org/plus/dsa/problems/merge-sorting?source=strivers-a2z-dsa-track","https://takeuforward.org/plus/dsa/problems/merge-sorting?tab=editorial&source=strivers-a2z-dsa-track","https://takeuforward.org/data-structure/merge-sort-algorithm/","https://youtu.be/ogjf7ORKfd8","",""
"Learn Important Sorting Techniques","Sorting-II","881","Recursive Bubble Sort","No","No","Easy","https://takeuforward.org/arrays/recursive-bubble-sort-algorithm/","https://takeuforward.org/plus/dsa/problems/recursive-bubble-sort?source=strivers-a2z-dsa-track","https://takeuforward.org/plus/dsa/problems/recursive-bubble-sort?tab=editorial&source=strivers-a2z-dsa-track","https://takeuforward.org/arrays/recursive-bubble-sort-algorithm/","","",""
"Learn Important Sorting Techniques","Sorting-II","882","Recursive Insertion Sort","No","No","Easy","https://takeuforward.org/arrays/recursive-insertion-sort-algorithm/","https://takeuforward.org/plus/dsa/problems/recursive-insertion-sort?source=strivers-a2z-dsa-track","https://takeuforward.org/plus/dsa/problems/recursive-insertion-sort?tab=editorial&source=strivers-a2z-dsa-track","https://takeuforward.org/arrays/recursive-insertion-sort-algorithm/","","",""
"Learn Important Sorting Techniques","Sorting-II","946","Quick Sorting","No","No","Easy","https://takeuforward.org/data-structure/quick-sort-algorithm/","https://takeuforward.org/plus/dsa/problems/quick-sorting?source=strivers-a2z-dsa-track","https://takeuforward.org/plus/dsa/problems/quick-sorting?tab=editorial&source=strivers-a2z-dsa-track","https://takeuforward.org/data-structure/quick-sort-algorithm/","https://youtu.be/WIrA4YexLRQ","",""
"Solve Problems on Arrays [Easy -> Medium -> Hard]","Easy","38","Largest Element","Yes","No","Easy","https://takeuforward.org/data-structure/find-the-largest-element-in-an-array/","https://takeuforward.org/plus/dsa/problems/largest-element?source=strivers-a2z-dsa-track","https://takeuforward.org/plus/dsa/problems/largest-element?tab=editorial&source=strivers-a2z-dsa-track","https://takeuforward.org/data-structure/find-the-largest-element-in-an-array/","https://youtu.be/37E9ckMDdTk?t=526","",""
"Solve Problems on Arrays [Easy -> Medium -> Hard]","Easy","43","Second Largest Element","Yes","No","Easy","https://takeuforward.org/data-structure/find-second-smallest-and-second-largest-element-in-an-array/","https://takeuforward.org/plus/dsa/problems/second-largest-element?source=strivers-a2z-dsa-track","https://takeuforward.org/plus/dsa/problems/second-largest-element?tab=editorial&source=strivers-a2z-dsa-track","https://takeuforward.org/data-structure/find-second-smallest-and-second-largest-element-in-an-array/","https://youtu.be/37E9ckMDdTk?t=810","",""
"Solve Problems on Arrays [Easy -> Medium -> Hard]","Easy","379","Check if the Array is Sorted II","Yes","No","Easy","https://takeuforward.org/data-structure/check-if-an-array-is-sorted/","https://takeuforward.org/plus/dsa/problems/check-if-the-array-is-sorted-ii?source=strivers-a2z-dsa-track","https://takeuforward.org/plus/dsa/problems/check-if-the-array-is-sorted-ii?tab=editorial&source=strivers-a2z-dsa-track","https://takeuforward.org/data-structure/check-if-an-array-is-sorted/","https://youtu.be/37E9ckMDdTk?t=17224","https://leetcode.com/problems/check-if-array-is-sorted-and-rotated/#:~:text=Input%3A%20nums%20%3D%20%5B2%2C,no%20rotation)%20to%20make%20nums.",""
"Solve Problems on Arrays [Easy -> Medium -> Hard]","Easy","2764","Remove duplicates from Sorted array","Yes","No","Easy","https://takeuforward.org/data-structure/remove-duplicates-in-place-from-sorted-array/","https://takeuforward.org/plus/dsa/problems/remove-duplicates-from-sorted-array?source=strivers-a2z-dsa-track","https://takeuforward.org/plus/dsa/problems/remove-duplicates-from-sorted-array?tab=editorial&source=strivers-a2z-dsa-track","https://takeuforward.org/data-structure/remove-duplicates-in-place-from-sorted-array/","https://youtu.be/37E9ckMDdTk?t=1887","https://leetcode.com/problems/remove-duplicates-from-sorted-array/#:~:text=Input%3A%20nums%20%3D%20%5B0%2C,%2C%203%2C%20and%204%20respectively.",""
"Solve Problems on Arrays [Easy -> Medium -> Hard]","Easy","40","Left Rotate Array by One","Yes","No","Easy","https://takeuforward.org/data-structure/left-rotate-the-array-by-one/","https://takeuforward.org/plus/dsa/problems/left-rotate-array-by-one?source=strivers-a2z-dsa-track","https://takeuforward.org/plus/dsa/problems/left-rotate-array-by-one?tab=editorial&source=strivers-a2z-dsa-track","https://takeuforward.org/data-structure/left-rotate-the-array-by-one/","https://youtu.be/wvcQg43_V8U?t=61","https://leetcode.com/problems/rotate-array/",""
"Solve Problems on Arrays [Easy -> Medium -> Hard]","Easy","39","Left Rotate Array by K Places","Yes","No","Easy","https://takeuforward.org/data-structure/rotate-array-by-k-elements/","https://takeuforward.org/plus/dsa/problems/left-rotate-array?source=strivers-a2z-dsa-track","https://takeuforward.org/plus/dsa/problems/left-rotate-array?tab=editorial&source=strivers-a2z-dsa-track","https://takeuforward.org/data-structure/rotate-array-by-k-elements/","https://youtu.be/wvcQg43_V8U?t=485","https://leetcode.com/problems/rotate-array/",""
"Solve Problems on Arrays [Easy -> Medium -> Hard]","Easy","46","Move Zeros to End","Yes","No","Easy","https://takeuforward.org/data-structure/move-all-zeros-to-the-end-of-the-array/","https://takeuforward.org/plus/dsa/problems/move-zeros-to-end?source=strivers-a2z-dsa-track","https://takeuforward.org/plus/dsa/problems/move-zeros-to-end?tab=editorial&source=strivers-a2z-dsa-track","https://takeuforward.org/data-structure/move-all-zeros-to-the-end-of-the-array/","https://youtu.be/wvcQg43_V8U?t=1633","https://leetcode.com/problems/move-zeroes/",""
"Solve Problems on Arrays [Easy -> Medium -> Hard]","Easy","41","Linear Search","Yes","No","Easy","https://takeuforward.org/data-structure/linear-search-in-c/","https://takeuforward.org/plus/dsa/problems/linear-search?source=strivers-a2z-dsa-track","https://takeuforward.org/plus/dsa/problems/linear-search?tab=editorial&source=strivers-a2z-dsa-track","https://takeuforward.org/data-structure/linear-search-in-c/","https://youtu.be/wvcQg43_V8U?t=2465","",""
"Solve Problems on Arrays [Easy -> Medium -> Hard]","Easy","48","Union of two sorted arrays","Yes","No","Easy","https://takeuforward.org/data-structure/union-of-two-sorted-arrays/","https://takeuforward.org/plus/dsa/problems/union-of-two-sorted-arrays?source=strivers-a2z-dsa-track","https://takeuforward.org/plus/dsa/problems/union-of-two-sorted-arrays?tab=editorial&source=strivers-a2z-dsa-track","https://takeuforward.org/data-structure/union-of-two-sorted-arrays/","https://youtu.be/wvcQg43_V8U?t=2584","",""
"Solve Problems on Arrays [Easy -> Medium -> Hard]","Easy","44","Find missing number","Yes","No","Easy","https://www.geeksforgeeks.org/find-the-missing-number/","https://takeuforward.org/plus/dsa/problems/find-missing-number?source=strivers-a2z-dsa-track","","https://www.geeksforgeeks.org/find-the-missing-number/","","",""
"Solve Problems on Arrays [Easy -> Medium -> Hard]","Easy","42","Maximum Consecutive Ones","Yes","No","Easy","https://takeuforward.org/data-structure/count-maximum-consecutive-ones-in-the-array/","https://takeuforward.org/plus/dsa/problems/maximum-consecutive-ones?source=strivers-a2z-dsa-track","https://takeuforward.org/plus/dsa/problems/maximum-consecutive-ones?tab=editorial&source=strivers-a2z-dsa-track","https://takeuforward.org/data-structure/count-maximum-consecutive-ones-in-the-array/","https://youtu.be/bYWLJb3vCWY?t=1124","https://leetcode.com/problems/max-consecutive-ones/",""
"Solve Problems on Arrays [Easy -> Medium -> Hard]","Easy","2793","Find the number that appears once, and other numbers twice.","Yes","No","Medium","https://takeuforward.org/arrays/find-the-number-that-appears-once-and-the-other-numbers-twice/","https://takeuforward.org/plus/dsa/problems/single-number---i?source=strivers-a2z-dsa-track","https://takeuforward.org/plus/dsa/problems/single-number---i?tab=editorial&source=strivers-a2z-dsa-track","https://takeuforward.org/arrays/find-the-number-that-appears-once-and-the-other-numbers-twice/","https://youtu.be/bYWLJb3vCWY?t=1369","https://leetcode.com/problems/single-number/",""
"Solve Problems on Arrays [Easy -> Medium -> Hard]","Easy","2836","Longest subarray with given sum K(positives)","Yes","No","Medium","https://takeuforward.org/data-structure/longest-subarray-with-given-sum-k/","https://takeuforward.org/plus/dsa/problems/longest-subarray-with-sum-k?source=strivers-a2z-dsa-track","https://takeuforward.org/plus/dsa/problems/longest-subarray-with-sum-k?tab=editorial&source=strivers-a2z-dsa-track","https://takeuforward.org/data-structure/longest-subarray-with-given-sum-k/","https://www.youtube.com/watch?v=frf7qxiN2qU&feature=youtu.be","",""
"Solve Problems on Arrays [Easy -> Medium -> Hard]","Easy","564","Longest subarray with sum K","Yes","No","Medium","https://takeuforward.org/data-structure/length-of-the-longest-subarray-with-zero-sum/","https://takeuforward.org/plus/dsa/problems/longest-subarray-with-sum-k?source=strivers-a2z-dsa-track","https://takeuforward.org/plus/dsa/problems/longest-subarray-with-sum-k?tab=editorial&source=strivers-a2z-dsa-track","https://takeuforward.org/data-structure/length-of-the-longest-subarray-with-zero-sum/","https://youtu.be/frf7qxiN2qU","",""
"Solve Problems on Arrays [Easy -> Medium -> Hard]","Medium","37","Two Sum","Yes","No","Easy","https://takeuforward.org/data-structure/two-sum-check-if-a-pair-with-given-sum-exists-in-array/","https://takeuforward.org/plus/dsa/problems/two-sum?source=strivers-a2z-dsa-track","https://takeuforward.org/plus/dsa/problems/two-sum?tab=editorial&source=strivers-a2z-dsa-track","https://takeuforward.org/data-structure/two-sum-check-if-a-pair-with-given-sum-exists-in-array/","https://youtu.be/UXDSeD9mN-k","https://leetcode.com/problems/two-sum/",""
"Solve Problems on Arrays [Easy -> Medium -> Hard]","Medium","2762","Sort an array of 0's 1's and 2's","Yes","No","Medium","https://takeuforward.org/data-structure/sort-an-array-of-0s-1s-and-2s/","https://takeuforward.org/plus/dsa/problems/sort-an-array-of-0's-1's-and-2's?source=strivers-a2z-dsa-track","https://takeuforward.org/plus/dsa/problems/sort-an-array-of-0's-1's-and-2's?tab=editorial&source=strivers-a2z-dsa-track","https://takeuforward.org/data-structure/sort-an-array-of-0s-1s-and-2s/","https://youtu.be/tp8JIuCXBaU","https://leetcode.com/problems/sort-colors/",""
"Solve Problems on Arrays [Easy -> Medium -> Hard]","Medium","22","Majority Element-I","Yes","No","Easy","https://takeuforward.org/data-structure/find-the-majority-element-that-occurs-more-than-n-2-times/","https://takeuforward.org/plus/dsa/problems/majority-element-i?source=strivers-a2z-dsa-track","https://takeuforward.org/plus/dsa/problems/majority-element-i?tab=editorial&source=strivers-a2z-dsa-track","https://takeuforward.org/data-structure/find-the-majority-element-that-occurs-more-than-n-2-times/","https://youtu.be/nP_ns3uSh80","https://leetcode.com/problems/majority-element/",""
"Solve Problems on Arrays [Easy -> Medium -> Hard]","Medium","29","Kadane's Algorithm","No","No","Medium","https://takeuforward.org/data-structure/kadanes-algorithm-maximum-subarray-sum-in-an-array/","https://takeuforward.org/plus/dsa/problems/kadane's-algorithm?source=strivers-a2z-dsa-track","https://takeuforward.org/plus/dsa/problems/kadane's-algorithm?tab=editorial&source=strivers-a2z-dsa-track","https://takeuforward.org/data-structure/kadanes-algorithm-maximum-subarray-sum-in-an-array/","https://youtu.be/AHZpyENo7k4?si=QJpof4R1hHokm1hw","https://leetcode.com/problems/maximum-subarray/",""
"Solve Problems on Arrays [Easy -> Medium -> Hard]","Medium","2761","Print subarray with maximum subarray sum (extended version of above problem)","Yes","No","Medium","https://takeuforward.org/data-structure/kadanes-algorithm-maximum-subarray-sum-in-an-array/","https://takeuforward.org/plus/dsa/problems/kadane's-algorithm?source=strivers-a2z-dsa-track","https://takeuforward.org/plus/dsa/problems/kadane's-algorithm?tab=editorial&source=strivers-a2z-dsa-track","https://takeuforward.org/data-structure/kadanes-algorithm-maximum-subarray-sum-in-an-array/","https://youtu.be/AHZpyENo7k4","",""
"Solve Problems on Arrays [Easy -> Medium -> Hard]","Medium","2798","Stock Buy and Sell","Yes","No","Medium","https://takeuforward.org/data-structure/stock-buy-and-sell/","https://takeuforward.org/plus/dsa/problems/best-time-to-buy-and-sell-stock?source=strivers-a2z-dsa-track","https://takeuforward.org/plus/dsa/problems/best-time-to-buy-and-sell-stock?tab=editorial&source=strivers-a2z-dsa-track","https://takeuforward.org/data-structure/stock-buy-and-sell/","https://youtu.be/excAOvwF_Wk","https://leetcode.com/problems/best-time-to-buy-and-sell-stock/",""
"Solve Problems on Arrays [Easy -> Medium -> Hard]","Medium","34","Rearrange array elements by sign","Yes","No","Medium","https://takeuforward.org/arrays/rearrange-array-elements-by-sign/","https://takeuforward.org/plus/dsa/problems/rearrange-array-elements-by-sign?source=strivers-a2z-dsa-track","https://takeuforward.org/plus/dsa/problems/rearrange-array-elements-by-sign?tab=editorial&source=strivers-a2z-dsa-track","https://takeuforward.org/arrays/rearrange-array-elements-by-sign/","https://youtu.be/h4aBagy4Uok","https://leetcode.com/problems/rearrange-array-elements-by-sign/",""
"Solve Problems on Arrays [Easy -> Medium -> Hard]","Medium","31","Next Permutation","Yes","No","Medium","https://takeuforward.org/data-structure/next_permutation-find-next-lexicographically-greater-permutation/","https://takeuforward.org/plus/dsa/problems/next-permutation?source=strivers-a2z-dsa-track","https://takeuforward.org/plus/dsa/problems/next-permutation?tab=editorial&source=strivers-a2z-dsa-track","https://takeuforward.org/data-structure/next_permutation-find-next-lexicographically-greater-permutation/","https://youtu.be/JDOXKqF60RQ","https://leetcode.com/problems/next-permutation/",""
"Solve Problems on Arrays [Easy -> Medium -> Hard]","Medium","30","Leaders in an Array","Yes","No","Medium","https://takeuforward.org/data-structure/leaders-in-an-array/","https://takeuforward.org/plus/dsa/problems/leaders-in-an-array?source=strivers-a2z-dsa-track","https://takeuforward.org/plus/dsa/problems/leaders-in-an-array?tab=editorial&source=strivers-a2z-dsa-track","https://takeuforward.org/data-structure/leaders-in-an-array/","https://youtu.be/cHrH9CQ8pmY","",""
"Solve Problems on Arrays [Easy -> Medium -> Hard]","Medium","2835","Longest Consecutive Sequence in an Array","No","No","Medium","https://takeuforward.org/data-structure/longest-consecutive-sequence-in-an-array/","https://takeuforward.org/plus/dsa/problems/longest-consecutive-sequence-in-an-array?source=strivers-a2z-dsa-track","https://takeuforward.org/plus/dsa/problems/longest-consecutive-sequence-in-an-array?tab=editorial&source=strivers-a2z-dsa-track","https://takeuforward.org/data-structure/longest-consecutive-sequence-in-an-array/","https://youtu.be/oO5uLE7EUlM","https://leetcode.com/problems/longest-consecutive-sequence/solution/",""
"Solve Problems on Arrays [Easy -> Medium -> Hard]","Medium","911","Set Matrix Zeroes","No","No","Medium","https://takeuforward.org/data-structure/set-matrix-zero/","https://takeuforward.org/plus/dsa/problems/set-matrix-zeroes?source=strivers-a2z-dsa-track","https://takeuforward.org/plus/dsa/problems/set-matrix-zeroes?tab=editorial&source=strivers-a2z-dsa-track","https://takeuforward.org/data-structure/set-matrix-zero/","https://youtu.be/N0MgLvceX7M","https://leetcode.com/problems/set-matrix-zeroes/",""
"Solve Problems on Arrays [Easy -> Medium -> Hard]","Medium","35","Rotate matrix by 90 degrees","Yes","No","Medium","https://takeuforward.org/data-structure/rotate-image-by-90-degree/","https://takeuforward.org/plus/dsa/problems/rotate-matrix-by-90-degrees?source=strivers-a2z-dsa-track","https://takeuforward.org/plus/dsa/problems/rotate-matrix-by-90-degrees?tab=editorial&source=strivers-a2z-dsa-track","https://takeuforward.org/data-structure/rotate-image-by-90-degree/","https://youtu.be/Z0R2u6gd3GU","https://leetcode.com/problems/rotate-image/",""
"Solve Problems on Arrays [Easy -> Medium -> Hard]","Medium","33","Print the matrix in spiral manner","Yes","No","Medium","https://takeuforward.org/data-structure/spiral-traversal-of-matrix/","https://takeuforward.org/plus/dsa/problems/print-the-matrix-in-spiral-manner?source=strivers-a2z-dsa-track","https://takeuforward.org/plus/dsa/problems/print-the-matrix-in-spiral-manner?tab=editorial&source=strivers-a2z-dsa-track","https://takeuforward.org/data-structure/spiral-traversal-of-matrix/","https://youtu.be/3Zv-s9UUrFM","https://leetcode.com/problems/spiral-matrix/",""
"Solve Problems on Arrays [Easy -> Medium -> Hard]","Medium","561","Count subarrays with given sum","Yes","No","Medium","https://takeuforward.org/arrays/count-subarray-sum-equals-k/","https://takeuforward.org/plus/dsa/problems/count-subarrays-with-given-sum?source=strivers-a2z-dsa-track","https://takeuforward.org/plus/dsa/problems/count-subarrays-with-given-sum?tab=editorial&source=strivers-a2z-dsa-track","https://takeuforward.org/arrays/count-subarray-sum-equals-k/","https://www.youtube.com/watch?v=xvNwoz-ufXA&list=PLgUwDviBIf0oF6QL8m22w1hIDC1vJ_BHz&index=32","https://leetcode.com/problems/subarray-sum-equals-k/",""
"Solve Problems on Arrays [Easy -> Medium -> Hard]","Hard","813","Pascal's Triangle I","No","No","Easy","https://takeuforward.org/data-structure/program-to-generate-pascals-triangle","https://takeuforward.org/plus/dsa/problems/pascals-triangle-i?source=strivers-a2z-dsa-track","https://takeuforward.org/plus/dsa/problems/pascals-triangle-i?tab=editorial&source=strivers-a2z-dsa-track","https://takeuforward.org/data-structure/program-to-generate-pascals-triangle","https://youtu.be/bR7mQgwQ_o8","https://leetcode.com/problems/pascals-triangle/",""
"Solve Problems on Arrays [Easy -> Medium -> Hard]","Hard","23","Majority Element-II","No","No","Hard","https://takeuforward.org/data-structure/majority-elementsn-3-times-find-the-elements-that-appears-more-than-n-3-times-in-the-array/","https://takeuforward.org/plus/dsa/problems/majority-element-ii?source=strivers-a2z-dsa-track","https://takeuforward.org/plus/dsa/problems/majority-element-ii?tab=editorial&source=strivers-a2z-dsa-track","https://takeuforward.org/data-structure/majority-elementsn-3-times-find-the-elements-that-appears-more-than-n-3-times-in-the-array/","https://youtu.be/vwZj1K0e9U8","https://leetcode.com/problems/majority-element-ii/",""
"Solve Problems on Arrays [Easy -> Medium -> Hard]","Hard","27","3 Sum","No","No","Medium","https://takeuforward.org/data-structure/3-sum-find-triplets-that-add-up-to-a-zero/","https://takeuforward.org/plus/dsa/problems/3-sum?source=strivers-a2z-dsa-track","https://takeuforward.org/plus/dsa/problems/3-sum?tab=editorial&source=strivers-a2z-dsa-track","https://takeuforward.org/data-structure/3-sum-find-triplets-that-add-up-to-a-zero/","https://youtu.be/DhFh8Kw7ymk","https://leetcode.com/problems/3sum/",""
"Solve Problems on Arrays [Easy -> Medium -> Hard]","Hard","28","4 Sum","No","No","Medium","https://takeuforward.org/data-structure/4-sum-find-quads-that-add-up-to-a-target-value/","https://takeuforward.org/plus/dsa/problems/4-sum?source=strivers-a2z-dsa-track","https://takeuforward.org/plus/dsa/problems/4-sum?tab=editorial&source=strivers-a2z-dsa-track","https://takeuforward.org/data-structure/4-sum-find-quads-that-add-up-to-a-target-value/","https://youtu.be/eD95WRfh81c","https://leetcode.com/problems/4sum/",""
"Solve Problems on Arrays [Easy -> Medium -> Hard]","Hard","605","Largest Subarray with Sum 0","No","No","Medium","https://takeuforward.org/data-structure/length-of-the-longest-subarray-with-zero-sum/","https://takeuforward.org/plus/dsa/problems/largest-subarray-with-sum-0?source=strivers-a2z-dsa-track","https://takeuforward.org/plus/dsa/problems/largest-subarray-with-sum-0?tab=editorial&source=strivers-a2z-dsa-track","https://takeuforward.org/data-structure/length-of-the-longest-subarray-with-zero-sum/","https://www.youtube.com/watch?v=xmguZ6GbatA&list=PLgUwDviBIf0p4ozDR_kJJkONnb1wdx2Ma&index=23","",""
"Solve Problems on Arrays [Easy -> Medium -> Hard]","Hard","562","Count subarrays with given xor K","No","No","Hard","https://takeuforward.org/data-structure/count-the-number-of-subarrays-with-given-xor-k/","https://takeuforward.org/plus/dsa/problems/count-subarrays-with-given-xor-k?source=strivers-a2z-dsa-track","https://takeuforward.org/plus/dsa/problems/count-subarrays-with-given-xor-k?tab=editorial&source=strivers-a2z-dsa-track","https://takeuforward.org/data-structure/count-the-number-of-subarrays-with-given-xor-k/","https://youtu.be/eZr-6p0B7ME","",""
"Solve Problems on Arrays [Easy -> Medium -> Hard]","Hard","715","Merge Overlapping Subintervals","No","No","Medium","https://takeuforward.org/data-structure/merge-overlapping-sub-intervals/","https://takeuforward.org/plus/dsa/problems/merge-overlapping-subintervals?source=strivers-a2z-dsa-track","https://takeuforward.org/plus/dsa/problems/merge-overlapping-subintervals?tab=editorial&source=strivers-a2z-dsa-track","https://takeuforward.org/data-structure/merge-overlapping-sub-intervals/","https://youtu.be/IexN60k62jo","https://leetcode.com/problems/merge-intervals/",""
"Solve Problems on Arrays [Easy -> Medium -> Hard]","Hard","25","Merge two sorted arrays without extra space","No","No","Medium","https://takeuforward.org/data-structure/merge-two-sorted-arrays-without-extra-space/","https://takeuforward.org/plus/dsa/problems/merge-two-sorted-arrays-without-extra-space?source=strivers-a2z-dsa-track","https://takeuforward.org/plus/dsa/problems/merge-two-sorted-arrays-without-extra-space?tab=editorial&source=strivers-a2z-dsa-track","https://takeuforward.org/data-structure/merge-two-sorted-arrays-without-extra-space/","https://youtu.be/n7uwj04E0I4","https://leetcode.com/problems/merge-sorted-array/",""
"Solve Problems on Arrays [Easy -> Medium -> Hard]","Hard","21","Find the repeating and missing number","No","No","Hard","https://takeuforward.org/data-structure/find-the-repeating-and-missing-numbers/","https://takeuforward.org/plus/dsa/problems/find-the-repeating-and-missing-number?source=strivers-a2z-dsa-track","https://takeuforward.org/plus/dsa/problems/find-the-repeating-and-missing-number?tab=editorial&source=strivers-a2z-dsa-track","https://takeuforward.org/data-structure/find-the-repeating-and-missing-numbers/","https://youtu.be/2D0D8HE6uak","",""
"Solve Problems on Arrays [Easy -> Medium -> Hard]","Hard","20","Count Inversions","No","No","Hard","https://takeuforward.org/data-structure/count-inversions-in-an-array","https://takeuforward.org/plus/dsa/problems/count-inversions?source=strivers-a2z-dsa-track","https://takeuforward.org/plus/dsa/problems/count-inversions?tab=editorial&source=strivers-a2z-dsa-track","https://takeuforward.org/data-structure/count-inversions-in-an-array","https://youtu.be/AseUmwVNaoY","",""
"Solve Problems on Arrays [Easy -> Medium -> Hard]","Hard","26","Reverse Pairs","No","No","Hard","https://takeuforward.org/data-structure/count-reverse-pairs/","https://takeuforward.org/plus/dsa/problems/reverse-pairs?source=strivers-a2z-dsa-track","https://takeuforward.org/plus/dsa/problems/reverse-pairs?tab=editorial&source=strivers-a2z-dsa-track","https://takeuforward.org/data-structure/count-reverse-pairs/","https://youtu.be/0e4bZaP3MDI","https://leetcode.com/problems/reverse-pairs/",""
"Solve Problems on Arrays [Easy -> Medium -> Hard]","Hard","24","Maximum Product Subarray in an Array","No","No","Hard","https://takeuforward.org/data-structure/maximum-product-subarray-in-an-array/","https://takeuforward.org/plus/dsa/problems/maximum-product-subarray-in-an-array?source=strivers-a2z-dsa-track","https://takeuforward.org/plus/dsa/problems/maximum-product-subarray-in-an-array?tab=editorial&source=strivers-a2z-dsa-track","https://takeuforward.org/data-structure/maximum-product-subarray-in-an-array/","","https://leetcode.com/problems/maximum-product-subarray/",""
"Binary Search [1D, 2D Arrays, Search Space]","BS on 1D Arrays","81","Search X in sorted array","Yes","No","Easy","https://takeuforward.org/data-structure/binary-search-explained/","https://takeuforward.org/plus/dsa/problems/search-x-in-sorted-array?source=strivers-a2z-dsa-track","https://takeuforward.org/plus/dsa/problems/search-x-in-sorted-array?tab=editorial&source=strivers-a2z-dsa-track","https://takeuforward.org/data-structure/binary-search-explained/","https://youtu.be/MHf6awe89xw","https://leetcode.com/problems/binary-search/",""
"Binary Search [1D, 2D Arrays, Search Space]","BS on 1D Arrays","80","Lower Bound","Yes","No","Easy","https://takeuforward.org/arrays/implement-lower-bound-bs-2/","https://takeuforward.org/plus/dsa/problems/lower-bound-?source=strivers-a2z-dsa-track","https://takeuforward.org/plus/dsa/problems/lower-bound-?tab=editorial&source=strivers-a2z-dsa-track","https://takeuforward.org/arrays/implement-lower-bound-bs-2/","https://youtu.be/6zhGS79oQ4k","",""
"Binary Search [1D, 2D Arrays, Search Space]","BS on 1D Arrays","82","Upper Bound","Yes","No","Easy","https://takeuforward.org/arrays/implement-upper-bound/","https://takeuforward.org/plus/dsa/problems/upper-bound?source=strivers-a2z-dsa-track","https://takeuforward.org/plus/dsa/problems/upper-bound?tab=editorial&source=strivers-a2z-dsa-track","https://takeuforward.org/arrays/implement-upper-bound/","https://youtu.be/6zhGS79oQ4k","",""
"Binary Search [1D, 2D Arrays, Search Space]","BS on 1D Arrays","89","Search insert position","Yes","No","Easy","https://takeuforward.org/arrays/search-insert-position/","https://takeuforward.org/plus/dsa/problems/search-insert-position?source=strivers-a2z-dsa-track","https://takeuforward.org/plus/dsa/problems/search-insert-position?tab=editorial&source=strivers-a2z-dsa-track","https://takeuforward.org/arrays/search-insert-position/","https://youtu.be/6zhGS79oQ4k","https://leetcode.com/problems/search-insert-position/#:~:text=Search%20Insert%20Position%20%2D%20LeetCode&text=Given%20a%20sorted%20array%20of,(log%20n)%20runtime%20complexity.",""
"Binary Search [1D, 2D Arrays, Search Space]","BS on 1D Arrays","86","Floor and Ceil in Sorted Array","Yes","No","Easy","https://takeuforward.org/arrays/floor-and-ceil-in-sorted-array/","https://takeuforward.org/plus/dsa/problems/floor-and-ceil-in-sorted-array?source=strivers-a2z-dsa-track","https://takeuforward.org/plus/dsa/problems/floor-and-ceil-in-sorted-array?tab=editorial&source=strivers-a2z-dsa-track","https://takeuforward.org/arrays/floor-and-ceil-in-sorted-array/","https://www.youtube.com/watch?v=6zhGS79oQ4k&list=PLgUwDviBIf0pMFMWuuvDNMAkoQFi-h0ZF&index=3","",""
"Binary Search [1D, 2D Arrays, Search Space]","BS on 1D Arrays","85","First and last occurrence","Yes","No","Easy","https://takeuforward.org/data-structure/last-occurrence-in-a-sorted-array/","https://takeuforward.org/plus/dsa/problems/first-and-last-occurrence?source=strivers-a2z-dsa-track","https://takeuforward.org/plus/dsa/problems/first-and-last-occurrence?tab=editorial&source=strivers-a2z-dsa-track","https://takeuforward.org/data-structure/last-occurrence-in-a-sorted-array/","https://youtu.be/hjR1IYVx9lY","https://leetcode.com/problems/find-first-and-last-position-of-element-in-sorted-array/",""
"Binary Search [1D, 2D Arrays, Search Space]","BS on 1D Arrays","229","Count Occurrences in a Sorted Array","Yes","No","Easy","https://takeuforward.org/data-structure/count-occurrences-in-sorted-array/","https://takeuforward.org/plus/dsa/problems/count-occurrences-in-a-sorted-array?source=strivers-a2z-dsa-track","https://takeuforward.org/plus/dsa/problems/count-occurrences-in-a-sorted-array?tab=editorial&source=strivers-a2z-dsa-track","https://takeuforward.org/data-structure/count-occurrences-in-sorted-array/","https://youtu.be/hjR1IYVx9lY","",""
"Binary Search [1D, 2D Arrays, Search Space]","BS on 1D Arrays","87","Search in rotated sorted array-I","Yes","No","Medium","https://takeuforward.org/data-structure/search-element-in-a-rotated-sorted-array/","https://takeuforward.org/plus/dsa/problems/search-in-rotated-sorted-array-i?source=strivers-a2z-dsa-track","https://takeuforward.org/plus/dsa/problems/search-in-rotated-sorted-array-i?tab=editorial&source=strivers-a2z-dsa-track","https://takeuforward.org/data-structure/search-element-in-a-rotated-sorted-array/","https://www.youtube.com/watch?v=r3pMQ8-Ad5s&list=PLgUwDviBIf0p4ozDR_kJJkONnb1wdx2Ma&index=64","https://leetcode.com/problems/search-in-rotated-sorted-array/",""
"Binary Search [1D, 2D Arrays, Search Space]","BS on 1D Arrays","88","Search in rotated sorted array-II","Yes","No","Medium","https://takeuforward.org/arrays/search-element-in-rotated-sorted-array-ii","https://takeuforward.org/plus/dsa/problems/search-in-rotated-sorted-array-2?source=strivers-a2z-dsa-track","https://takeuforward.org/plus/dsa/problems/search-in-rotated-sorted-array-2?tab=editorial&source=strivers-a2z-dsa-track","https://takeuforward.org/arrays/search-element-in-rotated-sorted-array-ii","https://youtu.be/w2G2W8l__pc","https://leetcode.com/problems/search-in-rotated-sorted-array-ii/",""
"Binary Search [1D, 2D Arrays, Search Space]","BS on 1D Arrays","83","Find minimum in Rotated Sorted Array","Yes","No","Easy","https://takeuforward.org/data-structure/minimum-in-rotated-sorted-array/","https://takeuforward.org/plus/dsa/problems/find-minimum-in-rotated-sorted-array?source=strivers-a2z-dsa-track","https://takeuforward.org/plus/dsa/problems/find-minimum-in-rotated-sorted-array?tab=editorial&source=strivers-a2z-dsa-track","https://takeuforward.org/data-structure/minimum-in-rotated-sorted-array/","https://youtu.be/nhEMDKMB44g","https://leetcode.com/problems/find-minimum-in-rotated-sorted-array/",""
"Binary Search [1D, 2D Arrays, Search Space]","BS on 1D Arrays","84","Find out how many times the array is rotated","Yes","No","Easy","https://takeuforward.org/arrays/find-out-how-many-times-the-array-has-been-rotated/","https://takeuforward.org/plus/dsa/problems/find-out-how-many-times-the-array-is-rotated?source=strivers-a2z-dsa-track","https://takeuforward.org/plus/dsa/problems/find-out-how-many-times-the-array-is-rotated?tab=editorial&source=strivers-a2z-dsa-track","https://takeuforward.org/arrays/find-out-how-many-times-the-array-has-been-rotated/","https://youtu.be/jtSiWTPLwd0","",""
"Binary Search [1D, 2D Arrays, Search Space]","BS on 1D Arrays","2770","Single element in a Sorted Array","Yes","No","Medium","https://takeuforward.org/data-structure/search-single-element-in-a-sorted-array/","https://takeuforward.org/plus/dsa/problems/single-element-in-sorted-array?source=strivers-a2z-dsa-track","https://takeuforward.org/plus/dsa/problems/single-element-in-sorted-array?tab=editorial&source=strivers-a2z-dsa-track","https://takeuforward.org/data-structure/search-single-element-in-a-sorted-array/","https://youtu.be/AZOmHuHadxQ","https://leetcode.com/problems/single-element-in-a-sorted-array/",""
"Binary Search [1D, 2D Arrays, Search Space]","BS on 1D Arrays","75","Find peak element","Yes","No","Medium","https://takeuforward.org/data-structure/peak-element-in-array/","https://takeuforward.org/plus/dsa/problems/find-peak-element?source=strivers-a2z-dsa-track","https://takeuforward.org/plus/dsa/problems/find-peak-element?tab=editorial&source=strivers-a2z-dsa-track","https://takeuforward.org/data-structure/peak-element-in-array/","https://youtu.be/cXxmbemS6XM","https://leetcode.com/problems/find-peak-element/#:~:text=Find%20Peak%20Element%20%2D%20LeetCode&text=A%20peak%20element%20is%20an,to%20any%20of%20the%20peaks.",""
"Binary Search [1D, 2D Arrays, Search Space]","BS on Answers","92","Find square root of a number","Yes","No","Medium","https://takeuforward.org/binary-search/finding-sqrt-of-a-number-using-binary-search/","https://takeuforward.org/plus/dsa/problems/find-square-root-of-a-number?source=strivers-a2z-dsa-track","https://takeuforward.org/plus/dsa/problems/find-square-root-of-a-number?tab=editorial&source=strivers-a2z-dsa-track","https://takeuforward.org/binary-search/finding-sqrt-of-a-number-using-binary-search/","https://youtu.be/Bsv3FPUX_BA","",""
"Binary Search [1D, 2D Arrays, Search Space]","BS on Answers","91","Find Nth root of a number","Yes","No","Medium","https://takeuforward.org/data-structure/nth-root-of-a-number-using-binary-search/","https://takeuforward.org/plus/dsa/problems/find-nth-root-of-a-number?source=strivers-a2z-dsa-track","https://takeuforward.org/plus/dsa/problems/find-nth-root-of-a-number?tab=editorial&source=strivers-a2z-dsa-track","https://takeuforward.org/data-structure/nth-root-of-a-number-using-binary-search/","https://www.youtube.com/watch?v=WjpswYrS2nY&list=PLgUwDviBIf0p4ozDR_kJJkONnb1wdx2Ma&index=62","",""
"Binary Search [1D, 2D Arrays, Search Space]","BS on Answers","94","Koko eating bananas","Yes","No","Medium","https://takeuforward.org/binary-search/koko-eating-bananas/","https://takeuforward.org/plus/dsa/problems/koko-eating-bananas?source=strivers-a2z-dsa-track","https://takeuforward.org/plus/dsa/problems/koko-eating-bananas?tab=editorial&source=strivers-a2z-dsa-track","https://takeuforward.org/binary-search/koko-eating-bananas/","https://youtu.be/qyfekrNni90","https://leetcode.com/problems/koko-eating-bananas/",""
"Binary Search [1D, 2D Arrays, Search Space]","BS on Answers","95","Minimum days to make M bouquets","Yes","No","Medium","https://takeuforward.org/arrays/minimum-days-to-make-m-bouquets/","https://takeuforward.org/plus/dsa/problems/minimum-days-to-make-m-bouquets?source=strivers-a2z-dsa-track","https://takeuforward.org/plus/dsa/problems/minimum-days-to-make-m-bouquets?tab=editorial&source=strivers-a2z-dsa-track","https://takeuforward.org/arrays/minimum-days-to-make-m-bouquets/","https://youtu.be/TXAuxeYBTdg","https://leetcode.com/problems/minimum-number-of-days-to-make-m-bouquets/",""
"Binary Search [1D, 2D Arrays, Search Space]","BS on Answers","93","Find the smallest divisor","Yes","No","Medium","https://takeuforward.org/arrays/find-the-smallest-divisor-given-a-threshold/","https://takeuforward.org/plus/dsa/problems/find-the-smallest-divisor?source=strivers-a2z-dsa-track","https://takeuforward.org/plus/dsa/problems/find-the-smallest-divisor?tab=editorial&source=strivers-a2z-dsa-track","https://takeuforward.org/arrays/find-the-smallest-divisor-given-a-threshold/","https://youtu.be/UvBKTVaG6U8","https://leetcode.com/problems/find-the-smallest-divisor-given-a-threshold/",""
"Binary Search [1D, 2D Arrays, Search Space]","BS on Answers","161","Capacity to Ship Packages Within D Days","Yes","No","Medium","https://takeuforward.org/arrays/capacity-to-ship-packages-within-d-days/","https://takeuforward.org/plus/dsa/problems/capacity-to-ship-packages-within-d-days?source=strivers-a2z-dsa-track","https://takeuforward.org/plus/dsa/problems/capacity-to-ship-packages-within-d-days?tab=editorial&source=strivers-a2z-dsa-track","https://takeuforward.org/arrays/capacity-to-ship-packages-within-d-days/","https://youtu.be/MG-Ac4TAvTY","https://leetcode.com/problems/capacity-to-ship-packages-within-d-days/",""
"Binary Search [1D, 2D Arrays, Search Space]","BS on Answers","600","Kth Missing Positive Number","Yes","No","Medium","https://takeuforward.org/arrays/kth-missing-positive-number/","https://takeuforward.org/plus/dsa/problems/kth-missing-positive-number?source=strivers-a2z-dsa-track","https://takeuforward.org/plus/dsa/problems/kth-missing-positive-number?tab=editorial&source=strivers-a2z-dsa-track","https://takeuforward.org/arrays/kth-missing-positive-number/","https://youtu.be/uZ0N_hZpyps","https://leetcode.com/problems/kth-missing-positive-number/#:~:text=Given%20an%20array%20arr%20of,13%2C...%5D.",""
"Binary Search [1D, 2D Arrays, Search Space]","BS on Answers","73","Aggressive Cows","Yes","No","Hard","https://takeuforward.org/data-structure/aggressive-cows-detailed-solution/","https://takeuforward.org/plus/dsa/problems/aggressive-cows?source=strivers-a2z-dsa-track","https://takeuforward.org/plus/dsa/problems/aggressive-cows?tab=editorial&source=strivers-a2z-dsa-track","https://takeuforward.org/data-structure/aggressive-cows-detailed-solution/","https://youtu.be/R_Mfw4ew-Vo","",""
"Binary Search [1D, 2D Arrays, Search Space]","BS on Answers","74","Book Allocation Problem","Yes","No","Hard","https://takeuforward.org/data-structure/allocate-minimum-number-of-pages/","https://takeuforward.org/plus/dsa/problems/book-allocation-problem?source=strivers-a2z-dsa-track","https://takeuforward.org/plus/dsa/problems/book-allocation-problem?tab=editorial&source=strivers-a2z-dsa-track","https://takeuforward.org/data-structure/allocate-minimum-number-of-pages/","https://www.youtube.com/watch?v=gYmWHvRHu-s&list=PLgUwDviBIf0p4ozDR_kJJkONnb1wdx2Ma&index=69","",""
"Binary Search [1D, 2D Arrays, Search Space]","BS on Answers","79","Split array - largest sum","Yes","No","Hard","https://takeuforward.org/arrays/split-array-largest-sum/","https://takeuforward.org/plus/dsa/problems/split-array---largest-sum?source=strivers-a2z-dsa-track","https://takeuforward.org/plus/dsa/problems/split-array---largest-sum?tab=editorial&source=strivers-a2z-dsa-track","https://takeuforward.org/arrays/split-array-largest-sum/","https://www.youtube.com/watch?v=thUd_WJn6wk&list=PLgUwDviBIf0pMFMWuuvDNMAkoQFi-h0ZF&index=20","https://leetcode.com/problems/split-array-largest-sum/",""
"Binary Search [1D, 2D Arrays, Search Space]","BS on Answers","805","Painter's Partition","Yes","No","Medium","https://takeuforward.org/arrays/painters-partition-problem/","https://takeuforward.org/plus/dsa/problems/painters-partition?source=strivers-a2z-dsa-track","https://takeuforward.org/plus/dsa/problems/painters-partition?tab=editorial&source=strivers-a2z-dsa-track","https://takeuforward.org/arrays/painters-partition-problem/","https://www.youtube.com/watch?v=thUd_WJn6wk&list=PLgUwDviBIf0pMFMWuuvDNMAkoQFi-h0ZF&index=20","",""
"Binary Search [1D, 2D Arrays, Search Space]","BS on Answers","78","Minimize Max Distance to Gas Station","No","No","Hard","https://takeuforward.org/arrays/minimise-maximum-distance-between-gas-stations/","https://takeuforward.org/plus/dsa/problems/minimise-max-distance-to-gas-stations?source=strivers-a2z-dsa-track","https://takeuforward.org/plus/dsa/problems/minimise-max-distance-to-gas-stations?tab=editorial&source=strivers-a2z-dsa-track","https://takeuforward.org/arrays/minimise-maximum-distance-between-gas-stations/","https://www.youtube.com/watch?v=kMSBvlZ-_HA&list=PLgUwDviBIf0pMFMWuuvDNMAkoQFi-h0ZF&index=21","https://leetcode.com/problems/minimize-max-distance-to-gas-station/",""
"Binary Search [1D, 2D Arrays, Search Space]","BS on Answers","77","Median of 2 sorted arrays","No","No","Hard","","https://takeuforward.org/plus/dsa/problems/median-of-2-sorted-arrays?source=strivers-a2z-dsa-track","","","https://www.youtube.com/watch?v=NTop3VTjmxk&list=PLgUwDviBIf0p4ozDR_kJJkONnb1wdx2Ma&index=65","https://leetcode.com/problems/median-of-two-sorted-arrays/",""
"Binary Search [1D, 2D Arrays, Search Space]","BS on Answers","2767","Kth element of 2 sorted arrays","No","No","Medium","https://takeuforward.org/data-structure/k-th-element-of-two-sorted-arrays/","https://takeuforward.org/plus/dsa/problems/kth-element-of-2-sorted-arrays?source=strivers-a2z-dsa-track","https://takeuforward.org/plus/dsa/problems/kth-element-of-2-sorted-arrays?tab=editorial&source=strivers-a2z-dsa-track","https://takeuforward.org/data-structure/k-th-element-of-two-sorted-arrays/","https://youtu.be/D1oDwWCq50g","",""
"Binary Search [1D, 2D Arrays, Search Space]","BS on 2D Arrays","66","Find row with maximum 1's","No","No","Easy","https://takeuforward.org/arrays/find-the-row-with-maximum-number-of-1s/","https://takeuforward.org/plus/dsa/problems/find-row-with-maximum-1's?source=strivers-a2z-dsa-track","https://takeuforward.org/plus/dsa/problems/find-row-with-maximum-1's?tab=editorial&source=strivers-a2z-dsa-track","https://takeuforward.org/arrays/find-the-row-with-maximum-number-of-1s/","https://youtu.be/SCz-1TtYxDI","",""
"Binary Search [1D, 2D Arrays, Search Space]","BS on 2D Arrays","69","Search in a 2D matrix","No","No","Hard","https://takeuforward.org/data-structure/search-in-a-sorted-2d-matrix/","https://takeuforward.org/plus/dsa/problems/search-in-a-2d-matrix?source=strivers-a2z-dsa-track","","https://takeuforward.org/data-structure/search-in-a-sorted-2d-matrix/","https://youtu.be/ZYpYur0znng","https://leetcode.com/problems/search-a-2d-matrix/",""
"Binary Search [1D, 2D Arrays, Search Space]","BS on 2D Arrays","68","Search in 2D matrix - II","No","No","Hard","https://takeuforward.org/arrays/search-in-a-row-and-column-wise-sorted-matrix/","https://takeuforward.org/plus/dsa/problems/search-in-2d-matrix-ii?source=strivers-a2z-dsa-track","https://takeuforward.org/plus/dsa/problems/search-in-2d-matrix-ii?tab=editorial&source=strivers-a2z-dsa-track","https://takeuforward.org/arrays/search-in-a-row-and-column-wise-sorted-matrix/","https://youtu.be/9ZbB397jU4k","https://leetcode.com/problems/search-a-2d-matrix-ii/",""
"Binary Search [1D, 2D Arrays, Search Space]","BS on 2D Arrays","65","Find Peak Element - II","No","No","Medium","https://takeuforward.org/data-structure/find-peak-element-2d-matrix","https://takeuforward.org/plus/dsa/problems/find-peak-element-ii?source=strivers-a2z-dsa-track","https://takeuforward.org/plus/dsa/problems/find-peak-element-ii?tab=editorial&source=strivers-a2z-dsa-track","https://takeuforward.org/data-structure/find-peak-element-2d-matrix","https://youtu.be/nGGp5XBzC4g?si=WCop5C6Azj5gAELH","https://leetcode.com/problems/find-a-peak-element-ii/",""
"Binary Search [1D, 2D Arrays, Search Space]","BS on 2D Arrays","67","Matrix Median","No","No","Hard","https://takeuforward.org/data-structure/median-of-row-wise-sorted-matrix/","https://takeuforward.org/plus/dsa/problems/matrix-median?source=strivers-a2z-dsa-track","https://takeuforward.org/plus/dsa/problems/matrix-median?tab=editorial&source=strivers-a2z-dsa-track","https://takeuforward.org/data-structure/median-of-row-wise-sorted-matrix/","https://youtu.be/Q9wXgdxJq48?si=ScI_0uzJh7yg8nrX","",""
"Strings [Basic and Medium]","Basic and Easy String Problems","892","Remove Outermost Parentheses","No","No","Medium","https://takeuforward.org/data-structure/remove-outermost-parentheses","https://takeuforward.org/plus/dsa/problems/remove-outermost-parentheses?source=strivers-a2z-dsa-track","","https://takeuforward.org/data-structure/remove-outermost-parentheses","","https://leetcode.com/problems/remove-outermost-parentheses/",""
"Strings [Basic and Medium]","Basic and Easy String Problems","2863","Reverse words in a given string / Palindrome Check","No","No","Medium","https://takeuforward.org/data-structure/reverse-words-in-a-string/","https://takeuforward.org/plus/dsa/problems/reverse-every-word-in-a-string?source=strivers-a2z-dsa-track","https://takeuforward.org/plus/dsa/problems/reverse-every-word-in-a-string?tab=editorial&source=strivers-a2z-dsa-track","https://takeuforward.org/data-structure/reverse-words-in-a-string/","","https://leetcode.com/problems/reverse-words-in-a-string/",""
"Strings [Basic and Medium]","Basic and Easy String Problems","394","Largest Odd Number in a String","No","No","Easy","https://takeuforward.org/data-structure/largest-odd-number-in-a-string","https://takeuforward.org/plus/dsa/problems/largest-odd-number-in-a-string?source=strivers-a2z-dsa-track","https://takeuforward.org/plus/dsa/problems/largest-odd-number-in-a-string?tab=editorial&source=strivers-a2z-dsa-track","https://takeuforward.org/data-structure/largest-odd-number-in-a-string","","https://leetcode.com/problems/largest-odd-number-in-string/",""
"Strings [Basic and Medium]","Basic and Easy String Problems","395","Longest Common Prefix","No","No","Easy","https://takeuforward.org/data-structure/longest-common-prefix","https://takeuforward.org/plus/dsa/problems/longest-common-prefix?source=strivers-a2z-dsa-track","https://takeuforward.org/plus/dsa/problems/longest-happy-prefix?tab=editorialhttps://takeuforward.org/plus/dsa/problems/longest-common-prefix?tab=editorial&source=strivers-a2z-dsa-track","https://takeuforward.org/data-structure/longest-common-prefix","","https://leetcode.com/problems/longest-common-prefix/",""
"Strings [Basic and Medium]","Basic and Easy String Problems","393","Isomorphic String","No","No","Easy","https://takeuforward.org/data-structure/isomorphic-string","https://takeuforward.org/plus/dsa/problems/isomorphic-string?source=strivers-a2z-dsa-track","https://takeuforward.org/plus/dsa/problems/isomorphic-string?tab=editorial&source=strivers-a2z-dsa-track","https://takeuforward.org/data-structure/isomorphic-string","","https://leetcode.com/problems/isomorphic-strings/",""
"Strings [Basic and Medium]","Basic and Easy String Problems","398","Rotate String","No","No","Easy","https://takeuforward.org/data-structure/check-if-one-string-is-rotation-of-another","https://takeuforward.org/plus/dsa/problems/rotate-string?source=strivers-a2z-dsa-track","https://takeuforward.org/plus/dsa/problems/rotate-string?tab=editorial&source=strivers-a2z-dsa-track","https://takeuforward.org/data-structure/check-if-one-string-is-rotation-of-another","","https://leetcode.com/problems/rotate-string/",""
"Strings [Basic and Medium]","Basic and Easy String Problems","2809","Check if two strings are anagram of each other","No","No","Easy","https://takeuforward.org/data-structure/check-if-two-strings-are-anagrams-of-each-other/","https://takeuforward.org/plus/dsa/problems/valid-anagram?source=strivers-a2z-dsa-track","https://takeuforward.org/plus/dsa/problems/valid-anagram?tab=editorial&source=strivers-a2z-dsa-track","https://takeuforward.org/data-structure/check-if-two-strings-are-anagrams-of-each-other/","","https://leetcode.com/problems/valid-anagram/#:~:text=Given%20two%20strings%20s%20and,the%20original%20letters%20exactly%20once.&text=Constraints%3A,.length%20%3C%3D%205%20*%2010",""
"Strings [Basic and Medium]","Medium String Problems","399","Sort Characters by Frequency","No","No","Easy","https://takeuforward.org/data-structure/sort-characters-by-frequency","https://takeuforward.org/plus/dsa/problems/sort-characters-by-frequency?source=strivers-a2z-dsa-track","https://takeuforward.org/plus/dsa/problems/sort-characters-by-frequency?tab=editorial&source=strivers-a2z-dsa-track","https://takeuforward.org/data-structure/sort-characters-by-frequency","","https://leetcode.com/problems/sort-characters-by-frequency/",""
"Strings [Basic and Medium]","Medium String Problems","674","Maximum Nesting Depth of the Parentheses","No","No","Medium","https://takeuforward.org/data-structure/maximum-nesting-depth-of-parenthesis","https://takeuforward.org/plus/dsa/problems/maximum-nesting-depth-of-the-parentheses?source=strivers-a2z-dsa-track","","https://takeuforward.org/data-structure/maximum-nesting-depth-of-parenthesis","","https://leetcode.com/problems/maximum-nesting-depth-of-the-parentheses/",""
"Strings [Basic and Medium]","Medium String Problems","903","Roman to Integer","No","No","Medium","https://takeuforward.org/data-structure/roman-numerals-to-integer","https://takeuforward.org/plus/dsa/problems/roman-to-integer?source=strivers-a2z-dsa-track","","https://takeuforward.org/data-structure/roman-numerals-to-integer","","https://leetcode.com/problems/roman-to-integer/",""
"Strings [Basic and Medium]","Medium String Problems","974","String to Integer (atoi)","No","No","Medium","https://takeuforward.org/data-structure/recursive-implementation-of-atoi","https://takeuforward.org/plus/dsa/problems/string-to-integer-atoi?source=strivers-a2z-dsa-track","https://takeuforward.org/plus/dsa/problems/string-to-integer-atoi?tab=editorial&source=strivers-a2z-dsa-track","https://takeuforward.org/data-structure/recursive-implementation-of-atoi","","https://leetcode.com/problems/string-to-integer-atoi/",""
"Strings [Basic and Medium]","Medium String Problems","2394","Count Number of Substrings","No","No","Easy","https://takeuforward.org/data-structure/count-number-of-substrings","","","https://takeuforward.org/data-structure/count-number-of-substrings","","",""
"Strings [Basic and Medium]","Medium String Problems","638","Longest Palindromic Substring","No","No","Medium","","https://takeuforward.org/plus/dsa/problems/longest-palindromic-substring?source=strivers-a2z-dsa-track","https://takeuforward.org/plus/dsa/problems/longest-palindromic-substring?tab=editorial&source=strivers-a2z-dsa-track","","","https://leetcode.com/problems/longest-palindromic-substring/",""
"Strings [Basic and Medium]","Medium String Problems","993","Sum of Beauty of All Substrings","No","No","Medium","https://takeuforward.org/data-structure/sum-of-beauty-of-all-substring","https://takeuforward.org/plus/dsa/problems/sum-of-beauty-of-all-substrings?source=strivers-a2z-dsa-track","","https://takeuforward.org/data-structure/sum-of-beauty-of-all-substring","","https://leetcode.com/problems/sum-of-beauty-of-all-substrings/",""
"Strings [Basic and Medium]","Medium String Problems","984","Reverse every word in a string","No","No","Medium","https://takeuforward.org/data-structure/reverse-words-in-a-string/","https://takeuforward.org/plus/dsa/problems/reverse-every-word-in-a-string?source=strivers-a2z-dsa-track","https://takeuforward.org/plus/dsa/problems/reverse-every-word-in-a-string?tab=editorial&source=strivers-a2z-dsa-track","https://takeuforward.org/data-structure/reverse-words-in-a-string/","","https://leetcode.com/problems/reverse-words-in-a-string/",""
"Learn LinkedList [Single LL, Double LL, Medium, Hard Problems]","Learn 1D LinkedList","1237","Introduction to Singly LinkedList","Yes","No","Easy","https://takeuforward.org/linked-list/linked-list-introduction","https://takeuforward.org/plus/dsa/problems/introduction-to-singly-linkedlist?source=strivers-a2z-dsa-track","https://takeuforward.org/plus/dsa/problems/introduction-to-singly-linkedlist?source=strivers-a2z-dsa-track","https://takeuforward.org/linked-list/linked-list-introduction","https://youtu.be/Nq7ok-OyEpg?si=9PR1o8OPRWil7fRA","",""
"Learn LinkedList [Single LL, Double LL, Medium, Hard Problems]","Learn 1D LinkedList","356","Insertion at the head of Linked List","Yes","No","Easy","https://takeuforward.org/linked-list/insert-at-the-head-of-a-linked-list","https://takeuforward.org/plus/dsa/problems/insertion-at-the-head-of-ll?source=strivers-a2z-dsa-track","https://takeuforward.org/plus/dsa/problems/insertion-at-the-head-of-ll?tab=editorial&source=strivers-a2z-dsa-track","https://takeuforward.org/linked-list/insert-at-the-head-of-a-linked-list","https://youtu.be/VaECK03Dz-g?si=vHSwdf9jhE05adKM&t=1934","",""
"Learn LinkedList [Single LL, Double LL, Medium, Hard Problems]","Learn 1D LinkedList","352","Deletion of the head of LL","Yes","No","Easy","https://takeuforward.org/data-structure/delete-last-node-of-linked-list/","https://takeuforward.org/plus/dsa/problems/deletion-of-the-head-of-ll?source=strivers-a2z-dsa-track","https://takeuforward.org/plus/dsa/problems/deletion-of-the-head-of-ll?tab=editorial&source=strivers-a2z-dsa-track","https://takeuforward.org/data-structure/delete-last-node-of-linked-list/","https://youtu.be/VaECK03Dz-g?si=CRaBHbOo2bHFbOT5","https://leetcode.com/problems/delete-node-in-a-linked-list/",""
"Learn LinkedList [Single LL, Double LL, Medium, Hard Problems]","Learn 1D LinkedList","470","Find the length of the Linked List","Yes","No","Easy","https://takeuforward.org/linked-list/find-the-length-of-a-linked-list","https://takeuforward.org/plus/dsa/problems/find-the-length-of-the-linked-list?source=strivers-a2z-dsa-track","","https://takeuforward.org/linked-list/find-the-length-of-a-linked-list","https://youtu.be/Nq7ok-OyEpg?si=xqQbukLfo2oZ6C6s&t=2240","",""
"Learn LinkedList [Single LL, Double LL, Medium, Hard Problems]","Learn 1D LinkedList","905","Search in Linked List","Yes","No","Medium","https://takeuforward.org/linked-list/search-an-element-in-a-linked-list","https://takeuforward.org/plus/dsa/problems/search-in-linked-list?source=strivers-a2z-dsa-track","","https://takeuforward.org/linked-list/search-an-element-in-a-linked-list","https://youtu.be/Nq7ok-OyEpg?si=WNXcIaXZ_B6cNq0s&t=2524","",""
"Learn LinkedList [Single LL, Double LL, Medium, Hard Problems]","Learn Doubly LinkedList","1234","Introduction to Doubly LL","Yes","No","Easy","https://takeuforward.org/linked-list/introduction-to-doubly-linked-list","https://takeuforward.org/plus/dsa/problems/introduction-to-doubly-ll?source=strivers-a2z-dsa-track","https://takeuforward.org/plus/dsa/problems/introduction-to-doubly-ll?tab=editorial&source=strivers-a2z-dsa-track","https://takeuforward.org/linked-list/introduction-to-doubly-linked-list","https://youtu.be/0eKMU10uEDI?si=uDnoj_C5ghEpNLvP","",""
"Learn LinkedList [Single LL, Double LL, Medium, Hard Problems]","Learn Doubly LinkedList","361","Insert node before head in Doubly Linked List","Yes","No","Easy","https://takeuforward.org/data-structure/insert-at-end-of-doubly-linked-list/","https://takeuforward.org/plus/dsa/problems/insert-node-before-head-in-dll?source=strivers-a2z-dsa-track","https://takeuforward.org/plus/dsa/problems/insert-node-before-head-in-dll?tab=editorial&source=strivers-a2z-dsa-track","https://takeuforward.org/data-structure/insert-at-end-of-doubly-linked-list/","https://youtu.be/0eKMU10uEDI?si=J5a0pQTosimcO_aA&t=2684","",""
"Learn LinkedList [Single LL, Double LL, Medium, Hard Problems]","Learn Doubly LinkedList","348","Delete head of Doubly Linked List","Yes","No","Easy","https://takeuforward.org/data-structure/delete-last-node-of-a-doubly-linked-list/","https://takeuforward.org/plus/dsa/problems/delete-head-of-dll?source=strivers-a2z-dsa-track","https://takeuforward.org/plus/dsa/problems/delete-head-of-dll?tab=editorial&source=strivers-a2z-dsa-track","https://takeuforward.org/data-structure/delete-last-node-of-a-doubly-linked-list/","https://youtu.be/0eKMU10uEDI?si=sE7jqrW46lfRHVLd&t=853","",""
"Learn LinkedList [Single LL, Double LL, Medium, Hard Problems]","Learn Doubly LinkedList","900","Reverse a Doubly Linked List","Yes","No","Medium","https://takeuforward.org/data-structure/reverse-a-doubly-linked-list/","https://takeuforward.org/plus/dsa/problems/reverse-a-doubly-linked-list?source=strivers-a2z-dsa-track","","https://takeuforward.org/data-structure/reverse-a-doubly-linked-list/","https://youtu.be/u3WUW2qe6ww?si=96Wwlju72IvmzkxE","",""
"Learn LinkedList [Single LL, Double LL, Medium, Hard Problems]","Medium Problems of LL","2810","Middle of a LinkedList [TortoiseHare Method]","Yes","No","easy","https://takeuforward.org/data-structure/find-middle-element-in-a-linked-list/","https://takeuforward.org/plus/dsa/problems/find-middle-of-linked-list?source=strivers-a2z-dsa-track","https://takeuforward.org/plus/dsa/problems/find-middle-of-linked-list?tab=editorial&source=strivers-a2z-dsa-track","https://takeuforward.org/data-structure/find-middle-element-in-a-linked-list/","https://youtu.be/7LjQ57RqgEc?si=ir_rRDio38rhamU_","https://leetcode.com/problems/middle-of-the-linked-list/",""
"Learn LinkedList [Single LL, Double LL, Medium, Hard Problems]","Medium Problems of LL","2850","Reverse a LinkedList [Iterative]","Yes","No","Medium","https://takeuforward.org/data-structure/reverse-a-linked-list/","https://takeuforward.org/plus/dsa/problems/reverse-a-ll?source=strivers-a2z-dsa-track","https://takeuforward.org/plus/dsa/problems/reverse-a-ll?tab=editorial&source=strivers-a2z-dsa-track","https://takeuforward.org/data-structure/reverse-a-linked-list/","https://youtu.be/D2vI2DNJGd8?si=RCaLSx01qR21IBdh","https://leetcode.com/problems/reverse-linked-list/",""
"Learn LinkedList [Single LL, Double LL, Medium, Hard Problems]","Medium Problems of LL","627","Reverse a LL","Yes","No","Medium","https://takeuforward.org/data-structure/reverse-a-linked-list/","https://takeuforward.org/plus/dsa/problems/reverse-a-ll?source=strivers-a2z-dsa-track","https://takeuforward.org/plus/dsa/problems/reverse-a-ll?tab=editorial&source=strivers-a2z-dsa-track","https://takeuforward.org/data-structure/reverse-a-linked-list/","https://youtu.be/D2vI2DNJGd8?si=RCaLSx01qR21IBdh","https://leetcode.com/problems/reverse-linked-list/",""
"Learn LinkedList [Single LL, Double LL, Medium, Hard Problems]","Medium Problems of LL","2845","Detect a loop in LL","Yes","No","Medium","https://takeuforward.org/data-structure/detect-a-cycle-in-a-linked-list/","https://takeuforward.org/plus/dsa/problems/detect-a-loop-in-ll?source=strivers-a2z-dsa-track","https://takeuforward.org/plus/dsa/problems/detect-a-loop-in-ll?tab=editorial&source=strivers-a2z-dsa-track","https://takeuforward.org/data-structure/detect-a-cycle-in-a-linked-list/","https://youtu.be/wiOo4DC5GGA?si=zagt6O6tFXc4_3cx","https://leetcode.com/problems/linked-list-cycle/",""
"Learn LinkedList [Single LL, Double LL, Medium, Hard Problems]","Medium Problems of LL","2847","Find the starting point in LL","Yes","No","Medium","https://takeuforward.org/data-structure/starting-point-of-loop-in-a-linked-list/","https://takeuforward.org/plus/dsa/problems/find-the-starting-point-in-ll?source=strivers-a2z-dsa-track","https://takeuforward.org/plus/dsa/problems/find-the-starting-point-in-ll?tab=editorial&source=strivers-a2z-dsa-track","https://takeuforward.org/data-structure/starting-point-of-loop-in-a-linked-list/","https://youtu.be/2Kd0KKmmHFc?si=7UreDPRjRvapeVB0","https://leetcode.com/problems/linked-list-cycle-ii/",""
"Learn LinkedList [Single LL, Double LL, Medium, Hard Problems]","Medium Problems of LL","623","Length of loop in LL","Yes","No","Medium","https://takeuforward.org/linked-list/length-of-loop-in-linked-list","https://takeuforward.org/plus/dsa/problems/length-of-loop-in-ll?source=strivers-a2z-dsa-track","https://takeuforward.org/plus/dsa/problems/length-of-loop-in-ll?tab=editorial&source=strivers-a2z-dsa-track","https://takeuforward.org/linked-list/length-of-loop-in-linked-list","https://youtu.be/I4g1qbkTPus?si=ONktpqewvx57T8pF","",""
"Learn LinkedList [Single LL, Double LL, Medium, Hard Problems]","Medium Problems of LL","2844","Check if LL is palindrome or not","Yes","No","Medium","https://takeuforward.org/data-structure/check-if-given-linked-list-is-plaindrome/","https://takeuforward.org/plus/dsa/problems/check-if-ll-is-palindrome-or-not?source=strivers-a2z-dsa-track","https://takeuforward.org/plus/dsa/problems/check-if-ll-is-palindrome-or-not?tab=editorial&source=strivers-a2z-dsa-track","https://takeuforward.org/data-structure/check-if-given-linked-list-is-plaindrome/","https://youtu.be/lRY_G-u_8jk?si=BpM8hRYvXSYyjl-G","https://leetcode.com/problems/palindrome-linked-list/",""
"Learn LinkedList [Single LL, Double LL, Medium, Hard Problems]","Medium Problems of LL","628","Segregate odd and even nodes in Linked List","Yes","No","Medium","https://takeuforward.org/data-structure/segregate-even-and-odd-nodes-in-linkedlist","https://takeuforward.org/plus/dsa/problems/segregate-odd-and-even-nodes-in-ll?source=strivers-a2z-dsa-track","https://takeuforward.org/plus/dsa/problems/segregate-odd-and-even-nodes-in-ll?tab=editorial&source=strivers-a2z-dsa-track","https://takeuforward.org/data-structure/segregate-even-and-odd-nodes-in-linkedlist","https://youtu.be/qf6qp7GzD5Q?si=JozAyXUdT8EJMSCQ","https://leetcode.com/problems/odd-even-linked-list/",""
"Learn LinkedList [Single LL, Double LL, Medium, Hard Problems]","Medium Problems of LL","2849","Remove Nth node from the back of the LL","No","No","Medium","https://takeuforward.org/data-structure/remove-n-th-node-from-the-end-of-a-linked-list/","https://takeuforward.org/plus/dsa/problems/remove-nth-node-from-the-back-of-the-ll?source=strivers-a2z-dsa-track","https://takeuforward.org/plus/dsa/problems/remove-nth-node-from-the-back-of-the-ll?tab=editorial&source=strivers-a2z-dsa-track","https://takeuforward.org/data-structure/remove-n-th-node-from-the-end-of-a-linked-list/","https://youtu.be/3kMKYQ2wNIU?si=DtFDnPU7z9HMz_GM","https://leetcode.com/problems/remove-nth-node-from-end-of-list/",""
"Learn LinkedList [Single LL, Double LL, Medium, Hard Problems]","Medium Problems of LL","619","Delete the middle node in LL","Yes","No","Medium","https://takeuforward.org/linked-list/delete-the-middle-node-of-the-linked-list","https://takeuforward.org/plus/dsa/problems/delete-the-middle-node-in-ll?source=strivers-a2z-dsa-track","https://takeuforward.org/plus/dsa/problems/delete-the-middle-node-in-ll?tab=editorial&source=strivers-a2z-dsa-track","https://takeuforward.org/linked-list/delete-the-middle-node-of-the-linked-list","https://youtu.be/ePpV-_pfOeI?si=Au9GsZkVO57j6SiN","https://leetcode.com/problems/delete-the-middle-node-of-a-linked-list/#:~:text=You%20are%20given%20the%20head,than%20or%20equal%20to%20x%20.",""
"Learn LinkedList [Single LL, Double LL, Medium, Hard Problems]","Medium Problems of LL","616","Sort LL","No","No","Hard","https://takeuforward.org/linked-list/sort-a-linked-list","https://takeuforward.org/plus/dsa/problems/sort-ll?source=strivers-a2z-dsa-track","https://takeuforward.org/plus/dsa/problems/sort-ll?tab=editorial&source=strivers-a2z-dsa-track","https://takeuforward.org/linked-list/sort-a-linked-list","https://youtu.be/8ocB7a_c-Cc?si=Gv-Y8q8-WyARoV35","https://leetcode.com/problems/sort-list/",""
"Learn LinkedList [Single LL, Double LL, Medium, Hard Problems]","Medium Problems of LL","629","Sort a Linked List of 0's 1's and 2's","No","No","Medium","https://takeuforward.org/data-structure/sort-a-linked-list-of-0s-1s-and-2s-by-changing-links","https://takeuforward.org/plus/dsa/problems/sort-a-ll-of-0's-1's-and-2's?source=strivers-a2z-dsa-track","https://takeuforward.org/plus/dsa/problems/sort-a-ll-of-0's-1's-and-2's?tab=editorial&source=strivers-a2z-dsa-track","https://takeuforward.org/data-structure/sort-a-linked-list-of-0s-1s-and-2s-by-changing-links","https://youtu.be/gRII7LhdJWc?si=l3qRC7w3NhY7OAqw","",""
"Learn LinkedList [Single LL, Double LL, Medium, Hard Problems]","Medium Problems of LL","2846","Find the intersection point of Y LL","No","No","Medium","https://takeuforward.org/data-structure/find-intersection-of-two-linked-lists/","https://takeuforward.org/plus/dsa/problems/find-the-intersection-point-of-y-ll?source=strivers-a2z-dsa-track","https://takeuforward.org/plus/dsa/problems/find-the-intersection-point-of-y-ll?tab=editorial&source=strivers-a2z-dsa-track","https://takeuforward.org/data-structure/find-intersection-of-two-linked-lists/","https://youtu.be/0DYoPz2Tpt4?si=L-uJs5yXUxj4VJM2","https://leetcode.com/problems/intersection-of-two-linked-lists/",""
"Learn LinkedList [Single LL, Double LL, Medium, Hard Problems]","Medium Problems of LL","617","Add one to a number represented by LL","No","No","Medium","https://takeuforward.org/data-structure/add-1-to-a-number-represented-by-ll","https://takeuforward.org/plus/dsa/problems/add-one-to-a-number-represented-by-ll?source=strivers-a2z-dsa-track","https://takeuforward.org/plus/dsa/problems/add-one-to-a-number-represented-by-ll?tab=editorial&source=strivers-a2z-dsa-track","https://takeuforward.org/data-structure/add-1-to-a-number-represented-by-ll","https://youtu.be/aXQWhbvT3w0?si=uRgU9S4r5cVmnUy7","",""
"Learn LinkedList [Single LL, Double LL, Medium, Hard Problems]","Medium Problems of LL","625","Add two numbers in Linked List","Yes","No","Medium","https://takeuforward.org/data-structure/add-two-numbers-represented-as-linked-lists/","https://takeuforward.org/plus/dsa/problems/add-two-numbers-in-ll?source=strivers-a2z-dsa-track","https://takeuforward.org/plus/dsa/problems/add-two-numbers-in-ll?tab=editorial&source=strivers-a2z-dsa-track","https://takeuforward.org/data-structure/add-two-numbers-represented-as-linked-lists/","https://www.youtube.com/watch?v=LBVsXSMOIk4&list=PLgUwDviBIf0p4ozDR_kJJkONnb1wdx2Ma&index=32","https://leetcode.com/problems/add-two-numbers/",""
"Learn LinkedList [Single LL, Double LL, Medium, Hard Problems]","Medium Problems of DLL","609","Delete all occurrences of a key in DLL","No","No","Hard","https://takeuforward.org/data-structure/delete-all-occurrences-of-a-key-in-dll","https://takeuforward.org/plus/dsa/problems/delete-all-occurrences-of-a-key-in-dll?source=strivers-a2z-dsa-track","https://takeuforward.org/plus/dsa/problems/delete-all-occurrences-of-a-key-in-dll?tab=editorial&source=strivers-a2z-dsa-track","https://takeuforward.org/data-structure/delete-all-occurrences-of-a-key-in-dll","https://youtu.be/Mh0NH_SD92k?si=tCYshBRi1upMqSVz","",""
"Learn LinkedList [Single LL, Double LL, Medium, Hard Problems]","Medium Problems of DLL","452","Find Pairs with Given Sum in Doubly Linked List","No","No","Medium","https://takeuforward.org/data-structure/find-pairs-with-given-sum-in-doubly-linked-list","https://takeuforward.org/plus/dsa/problems/find-pairs-with-given-sum-in-doubly-linked-list?source=strivers-a2z-dsa-track","","https://takeuforward.org/data-structure/find-pairs-with-given-sum-in-doubly-linked-list","https://youtu.be/YitR4dQsddE?si=iZAC259hdngV_OxC","",""
"Learn LinkedList [Single LL, Double LL, Medium, Hard Problems]","Medium Problems of DLL","610","Remove duplicates from sorted DLL","No","No","hard","https://takeuforward.org/data-structure/remove-duplicates-from-sorted-dll","https://takeuforward.org/plus/dsa/problems/remove-duplicated-from-sorted-dll?source=strivers-a2z-dsa-track","https://takeuforward.org/plus/dsa/problems/remove-duplicated-from-sorted-dll?tab=editorial&source=strivers-a2z-dsa-track","https://takeuforward.org/data-structure/remove-duplicates-from-sorted-dll","https://youtu.be/YJKVTnOJXSY?si=AsZoNUoewetsBjr0","",""
"Learn LinkedList [Single LL, Double LL, Medium, Hard Problems]","Hard Problems of LL","2842","Reverse LL in group of given size K","No","No","Hard","https://takeuforward.org/data-structure/reverse-linked-list-in-groups-of-size-k/","https://takeuforward.org/plus/dsa/problems/reverse-ll-in-group-of-given-size-k?source=strivers-a2z-dsa-track","https://takeuforward.org/plus/dsa/problems/reverse-ll-in-group-of-given-size-k?tab=editorial&source=strivers-a2z-dsa-track","https://takeuforward.org/data-structure/reverse-linked-list-in-groups-of-size-k/","https://youtu.be/lIar1skcQYI?si=_jFghHKX4eaK36a1","https://leetcode.com/problems/reverse-nodes-in-k-group/",""
"Learn LinkedList [Single LL, Double LL, Medium, Hard Problems]","Hard Problems of LL","2843","Rotate a LL","No","No","Hard","https://takeuforward.org/data-structure/rotate-a-linked-list/","https://takeuforward.org/plus/dsa/problems/rotate-a-ll?source=strivers-a2z-dsa-track","https://takeuforward.org/plus/dsa/problems/rotate-a-ll?tab=editorial&source=strivers-a2z-dsa-track","https://takeuforward.org/data-structure/rotate-a-linked-list/","https://youtu.be/uT7YI7XbTY8?si=ZaChW3a68c_v54Is","https://leetcode.com/problems/rotate-list/description/",""
"Learn LinkedList [Single LL, Double LL, Medium, Hard Problems]","Hard Problems of LL","2841","Flattening of LL","No","No","Hard","https://takeuforward.org/data-structure/flattening-a-linked-list/","https://takeuforward.org/plus/dsa/problems/flattening-of-ll?source=strivers-a2z-dsa-track","https://takeuforward.org/plus/dsa/problems/flattening-of-ll?tab=editorial&source=strivers-a2z-dsa-track","https://takeuforward.org/data-structure/flattening-a-linked-list/","https://youtu.be/ykelywHJWLg?si=InMg9MmTHzY22NSR","",""
"Learn LinkedList [Single LL, Double LL, Medium, Hard Problems]","Hard Problems of LL","611","Clone a LL with random and next pointer","No","No","Hard","https://takeuforward.org/data-structure/clone-linked-list-with-random-and-next-pointer/","https://takeuforward.org/plus/dsa/problems/clone-a-ll-with-random-and-next-pointer?source=strivers-a2z-dsa-track","https://takeuforward.org/plus/dsa/problems/clone-a-ll-with-random-and-next-pointer?tab=editorial&source=strivers-a2z-dsa-track","https://takeuforward.org/data-structure/clone-linked-list-with-random-and-next-pointer/","https://youtu.be/q570bKdrnlw?si=epZtpWvtNwuTf23o","https://leetcode.com/problems/copy-list-with-random-pointer/",""
"Recursion [PatternWise]","Get a Strong Hold","2862","Recursive Implementation of atoi()","No","No","Medium","https://takeuforward.org/data-structure/recursive-implementation-of-atoi","https://takeuforward.org/plus/dsa/problems/string-to-integer-atoi?source=strivers-a2z-dsa-track","https://takeuforward.org/plus/dsa/problems/string-to-integer-atoi?tab=editorial&source=strivers-a2z-dsa-track","https://takeuforward.org/data-structure/recursive-implementation-of-atoi","","https://leetcode.com/problems/string-to-integer-atoi/",""
"Recursion [PatternWise]","Get a Strong Hold","2855","Pow(x, n)","No","No","Easy","https://takeuforward.org/data-structure/implement-powxn-x-raised-to-the-power-n/","https://takeuforward.org/plus/dsa/problems/pow(x,n)?source=strivers-a2z-dsa-track","https://takeuforward.org/plus/dsa/problems/pow(x,n)?tab=editorial&source=strivers-a2z-dsa-track","https://takeuforward.org/data-structure/implement-powxn-x-raised-to-the-power-n/","https://youtu.be/l0YC3876qxg","https://leetcode.com/problems/powx-n/",""
"Recursion [PatternWise]","Get a Strong Hold","222","Count Good Numbers","No","No","Medium","https://takeuforward.org/data-structure/count-good-numbers","https://takeuforward.org/plus/dsa/problems/count-good-numbers?source=strivers-a2z-dsa-track","","https://takeuforward.org/data-structure/count-good-numbers","","https://leetcode.com/problems/count-good-numbers/",""
"Recursion [PatternWise]","Get a Strong Hold","2858","Sort a stack using recursion","No","No","Medium","https://takeuforward.org/data-structure/sort-a-stack","https://takeuforward.org/plus/dsa/problems/sort-a-stack?source=strivers-a2z-dsa-track","","https://takeuforward.org/data-structure/sort-a-stack","","",""
"Recursion [PatternWise]","Get a Strong Hold","901","Reverse a Stack","No","No","Medium","https://takeuforward.org/data-structure/reverse-a-stack-using-recursion","https://takeuforward.org/plus/dsa/problems/reverse-a-stack?source=strivers-a2z-dsa-track","","https://takeuforward.org/data-structure/reverse-a-stack-using-recursion","","",""
"Recursion [PatternWise]","Subsequences Pattern","493","Generate Binary Strings Without Consecutive 1s","No","No","Medium","https://takeuforward.org/data-structure/generate-all-binary-strings","https://takeuforward.org/plus/dsa/problems/generate-binary-strings-without-consecutive-1s?source=strivers-a2z-dsa-track","","https://takeuforward.org/data-structure/generate-all-binary-strings","","",""
"Recursion [PatternWise]","Subsequences Pattern","876","Generate Parentheses","No","No","Medium","https://takeuforward.org/data-structure/generate-parenthesis","https://takeuforward.org/plus/dsa/problems/generate-parentheses?source=strivers-a2z-dsa-track","https://takeuforward.org/plus/dsa/problems/generate-parentheses?tab=editorial&source=strivers-a2z-dsa-track","https://takeuforward.org/data-structure/generate-parenthesis","","https://leetcode.com/problems/generate-parentheses/",""
"Recursion [PatternWise]","Subsequences Pattern","878","Power Set","No","No","Medium","https://takeuforward.org/data-structure/power-set-print-all-the-possible-subsequences-of-the-string/","https://takeuforward.org/plus/dsa/problems/power-set?source=strivers-a2z-dsa-track","https://takeuforward.org/plus/dsa/problems/power-set?tab=editorial&source=strivers-a2z-dsa-track","https://takeuforward.org/data-structure/power-set-print-all-the-possible-subsequences-of-the-string/","https://www.youtube.com/watch?v=b7AYbpM5YrE&list=PLgUwDviBIf0p4ozDR_kJJkONnb1wdx2Ma&index=67","",""
"Recursion [PatternWise]","Subsequences Pattern","2400","Learn All Patterns of Subsequences (Theory)","No","No","Easy","https://takeuforward.org/data-structure/learn-all-patterns-of-subsequences-theory","","","https://takeuforward.org/data-structure/learn-all-patterns-of-subsequences-theory","https://www.youtube.com/watch?v=eQCS_v3bw0Q&list=PLgUwDviBIf0rGlzIn_7rsaR2FQ5e6ZOL9&index=7","",""
"Recursion [PatternWise]","Subsequences Pattern","880","Count all subsequences with sum K","No","No","Easy","https://takeuforward.org/data-structure/count-all-subsequences-with-sum-k","https://takeuforward.org/plus/dsa/problems/count-all-subsequences-with-sum-k?source=strivers-a2z-dsa-track","https://takeuforward.org/plus/dsa/problems/count-all-subsequences-with-sum-k?tab=editorial&source=strivers-a2z-dsa-track","https://takeuforward.org/data-structure/count-all-subsequences-with-sum-k","","",""
"Recursion [PatternWise]","Subsequences Pattern","879","Check if there exists a subsequence with sum K","No","No","Easy","https://takeuforward.org/data-structure/check-if-there-exists-a-subsequence-with-sum-k","https://takeuforward.org/plus/dsa/problems/check-if-there-exists-a-subsequence-with-sum-k?source=strivers-a2z-dsa-track","https://takeuforward.org/plus/dsa/problems/check-if-there-exists-a-subsequence-with-sum-k?tab=editorial&source=strivers-a2z-dsa-track","https://takeuforward.org/data-structure/check-if-there-exists-a-subsequence-with-sum-k","","",""
"Recursion [PatternWise]","Subsequences Pattern","864","Combination Sum","No","No","Medium","https://takeuforward.org/data-structure/combination-sum-1/","https://takeuforward.org/plus/dsa/problems/combination-sum?source=strivers-a2z-dsa-track","https://takeuforward.org/plus/dsa/problems/combination-sum?tab=editorial&source=strivers-a2z-dsa-track","https://takeuforward.org/data-structure/combination-sum-1/","https://www.youtube.com/watch?v=OyZFFqQtu98&list=PLgUwDviBIf0p4ozDR_kJJkONnb1wdx2Ma&index=49","https://leetcode.com/problems/combination-sum/",""
"Recursion [PatternWise]","Subsequences Pattern","865","Combination Sum II","No","No","Medium","https://takeuforward.org/data-structure/combination-sum-ii-find-all-unique-combinations/","https://takeuforward.org/plus/dsa/problems/combination-sum-ii?source=strivers-a2z-dsa-track","https://takeuforward.org/plus/dsa/problems/combination-sum-ii?tab=editorial&source=strivers-a2z-dsa-track","https://takeuforward.org/data-structure/combination-sum-ii-find-all-unique-combinations/","https://www.youtube.com/watch?v=G1fRTGRxXU8&list=PLgUwDviBIf0p4ozDR_kJJkONnb1wdx2Ma&index=50","https://leetcode.com/problems/combination-sum-ii/",""
"Recursion [PatternWise]","Subsequences Pattern","867","Subsets I","No","No","Medium","https://takeuforward.org/data-structure/subset-sum-sum-of-all-subsets/","https://takeuforward.org/plus/dsa/problems/subsets-i?source=strivers-a2z-dsa-track","https://takeuforward.org/plus/dsa/problems/subsets-i?tab=editorial&source=strivers-a2z-dsa-track","https://takeuforward.org/data-structure/subset-sum-sum-of-all-subsets/","https://www.youtube.com/watch?v=rYkfBRtMJr8&list=PLgUwDviBIf0p4ozDR_kJJkONnb1wdx2Ma&index=52","",""
"Recursion [PatternWise]","Subsequences Pattern","868","Subsets II","No","No","Medium","https://takeuforward.org/data-structure/subset-ii-print-all-the-unique-subsets/","https://takeuforward.org/plus/dsa/problems/subsets-ii?source=strivers-a2z-dsa-track","https://takeuforward.org/plus/dsa/problems/subsets-ii?tab=editorial&source=strivers-a2z-dsa-track","https://takeuforward.org/data-structure/subset-ii-print-all-the-unique-subsets/","https://www.youtube.com/watch?v=RIn3gOkbhQE&list=PLgUwDviBIf0p4ozDR_kJJkONnb1wdx2Ma&index=53","https://leetcode.com/problems/subsets-ii/",""
"Recursion [PatternWise]","Subsequences Pattern","866","Combination Sum III","No","No","Medium","https://takeuforward.org/data-structure/combination-sum-iii","https://takeuforward.org/plus/dsa/problems/combination-sum-iii?source=strivers-a2z-dsa-track","https://takeuforward.org/plus/dsa/problems/combination-sum-iii?tab=editorial&source=strivers-a2z-dsa-track","https://takeuforward.org/data-structure/combination-sum-iii","","https://leetcode.com/problems/combination-sum-iii/",""
"Recursion [PatternWise]","Subsequences Pattern","875","Letter Combinations of a Phone Number","No","No","Hard","https://takeuforward.org/data-structure/letter-combinations-of-a-phone-number","https://takeuforward.org/plus/dsa/problems/letter-combinations-of-a-phone-number?source=strivers-a2z-dsa-track","https://takeuforward.org/plus/dsa/problems/letter-combinations-of-a-phone-number?tab=editorial&source=strivers-a2z-dsa-track","https://takeuforward.org/data-structure/letter-combinations-of-a-phone-number","","https://leetcode.com/problems/letter-combinations-of-a-phone-number/",""
"Recursion [PatternWise]","Trying out all Combos / Hard","871","Palindrome partitioning","No","No","Hard","","https://takeuforward.org/plus/dsa/problems/palindrome-partitioning?source=strivers-a2z-dsa-track","https://takeuforward.org/plus/dsa/problems/palindrome-partitioning?tab=editorial&source=strivers-a2z-dsa-track","","https://youtu.be/_H8V5hJUGd0","",""
"Recursion [PatternWise]","Trying out all Combos / Hard","874","Word Search","No","No","Hard","https://takeuforward.org/data-structure/word-search-leetcode/","https://takeuforward.org/plus/dsa/problems/word-search?source=strivers-a2z-dsa-track","https://takeuforward.org/plus/dsa/problems/word-search?tab=editorial&source=strivers-a2z-dsa-track","https://takeuforward.org/data-structure/word-search-leetcode/","","https://leetcode.com/problems/word-search/",""
"Recursion [PatternWise]","Trying out all Combos / Hard","870","N Queen","No","No","Hard","https://takeuforward.org/data-structure/n-queen-problem-return-all-distinct-solutions-to-the-n-queens-puzzle/","https://takeuforward.org/plus/dsa/problems/n-queen?source=strivers-a2z-dsa-track","https://takeuforward.org/plus/dsa/problems/n-queen?tab=editorial&source=strivers-a2z-dsa-track","https://takeuforward.org/data-structure/n-queen-problem-return-all-distinct-solutions-to-the-n-queens-puzzle/","https://www.youtube.com/watch?v=i05Ju7AftcM&list=PLgUwDviBIf0p4ozDR_kJJkONnb1wdx2Ma&index=57","https://leetcode.com/problems/n-queens/",""
"Recursion [PatternWise]","Trying out all Combos / Hard","872","Rat in a Maze","No","No","Hard","https://takeuforward.org/data-structure/rat-in-a-maze/","https://takeuforward.org/plus/dsa/problems/rat-in-a-maze?source=strivers-a2z-dsa-track","https://takeuforward.org/plus/dsa/problems/rat-in-a-maze?tab=editorial&source=strivers-a2z-dsa-track","https://takeuforward.org/data-structure/rat-in-a-maze/","https://www.youtube.com/watch?v=bLGZhJlt4y0&list=PLgUwDviBIf0p4ozDR_kJJkONnb1wdx2Ma&index=60","",""
"Recursion [PatternWise]","Trying out all Combos / Hard","4","Word Break","No","No","Medium","","https://takeuforward.org/plus/dsa/problems/word-break?source=strivers-a2z-dsa-track","https://takeuforward.org/plus/dsa/problems/word-break?tab=editorial&source=strivers-a2z-dsa-track","","","",""
"Recursion [PatternWise]","Trying out all Combos / Hard","869","M Coloring Problem","No","No","Hard","https://takeuforward.org/data-structure/m-coloring-problem/","https://takeuforward.org/plus/dsa/problems/m-coloring-problem?source=strivers-a2z-dsa-track","https://takeuforward.org/plus/dsa/problems/m-coloring-problem?tab=editorial&source=strivers-a2z-dsa-track","https://takeuforward.org/data-structure/m-coloring-problem/","https://www.youtube.com/watch?v=wuVwUK25Rfc&list=PLgUwDviBIf0p4ozDR_kJJkONnb1wdx2Ma&index=59","",""
"Recursion [PatternWise]","Trying out all Combos / Hard","873","Sudoku Solver","No","No","Hard","https://takeuforward.org/data-structure/sudoku-solver/","https://takeuforward.org/plus/dsa/problems/sudoko-solver?source=strivers-a2z-dsa-track","https://takeuforward.org/plus/dsa/problems/sudoko-solver?tab=editorial&source=strivers-a2z-dsa-track","https://takeuforward.org/data-structure/sudoku-solver/","https://www.youtube.com/watch?v=FWAIf_EVUKE&list=PLgUwDviBIf0p4ozDR_kJJkONnb1wdx2Ma&index=58","https://leetcode.com/problems/sudoku-solver/",""
"Recursion [PatternWise]","Trying out all Combos / Hard","3","Expression Add Operators","No","No","Hard","https://takeuforward.org/data-structure/expression-add-operators","https://takeuforward.org/plus/dsa/problems/expression-add-operators?source=strivers-a2z-dsa-track","","https://takeuforward.org/data-structure/expression-add-operators","","https://leetcode.com/problems/expression-add-operators/",""
"Bit Manipulation [Concepts & Problems]","Learn Bit Manipulation","1155","Introduction to Bits and Tricks","No","No","Easy","https://takeuforward.org/data-structure/introduction-to-bit-manipulation-theory","https://takeuforward.org/plus/dsa/problems/introduction-to-bits-and-tricks?source=strivers-a2z-dsa-track","https://takeuforward.org/plus/dsa/problems/introduction-to-bits-and-tricks?tab=editorial&source=strivers-a2z-dsa-track","https://takeuforward.org/data-structure/introduction-to-bit-manipulation-theory","https://youtu.be/qQd-ViW7bfk?si=QtdNaRhHmZb08Mr8","",""
"Bit Manipulation [Concepts & Problems]","Learn Bit Manipulation","177","Check if the i-th bit is Set or Not","No","No","Easy","https://takeuforward.org/data-structure/check-if-the-i-th-bit-is-set-or-not","https://takeuforward.org/plus/dsa/problems/check-if-the-i-th-bit-is-set-or-not?source=strivers-a2z-dsa-track","https://takeuforward.org/plus/dsa/problems/check-if-the-i-th-bit-is-set-or-not?tab=editorial&source=strivers-a2z-dsa-track","https://takeuforward.org/data-structure/check-if-the-i-th-bit-is-set-or-not","https://youtu.be/nttpF8kwgd4?si=x9o8PsYaA2XVZ9rV","",""
"Bit Manipulation [Concepts & Problems]","Learn Bit Manipulation","171","Check if a Number is Odd or Not","No","No","Easy","https://takeuforward.org/data-structure/check-if-a-number-is-odd-or-not","https://takeuforward.org/plus/dsa/problems/check-if-a-number-is-odd-or-not?source=strivers-a2z-dsa-track","https://takeuforward.org/plus/dsa/problems/check-if-a-number-is-odd-or-not?tab=editorial&source=strivers-a2z-dsa-track","https://takeuforward.org/data-structure/check-if-a-number-is-odd-or-not","https://youtu.be/nttpF8kwgd4?si=x9o8PsYaA2XVZ9rV","",""
"Bit Manipulation [Concepts & Problems]","Learn Bit Manipulation","172","Check if a Number is Power of 2 or Not","No","No","Easy","https://takeuforward.org/data-structure/check-if-a-number-is-power-of-2-or-not","https://takeuforward.org/plus/dsa/problems/check-if-a-number-is-power-of-2-or-not?source=strivers-a2z-dsa-track","https://takeuforward.org/plus/dsa/problems/check-if-a-number-is-power-of-2-or-not?tab=editorial&source=strivers-a2z-dsa-track","https://takeuforward.org/data-structure/check-if-a-number-is-power-of-2-or-not","https://youtu.be/nttpF8kwgd4?si=x9o8PsYaA2XVZ9rV","https://leetcode.com/problems/power-of-two/",""
"Bit Manipulation [Concepts & Problems]","Learn Bit Manipulation","243","Count the Number of Set Bits","No","No","Easy","https://takeuforward.org/data-structure/count-the-number-of-set-bits","https://takeuforward.org/plus/dsa/problems/count-the-number-of-set-bits?source=strivers-a2z-dsa-track","https://takeuforward.org/plus/dsa/problems/count-the-number-of-set-bits?tab=editorial&source=strivers-a2z-dsa-track","https://takeuforward.org/data-structure/count-the-number-of-set-bits","https://youtu.be/nttpF8kwgd4?si=x9o8PsYaA2XVZ9rV","",""
"Bit Manipulation [Concepts & Problems]","Learn Bit Manipulation","2410","Set/Unset the rightmost unset bit","No","No","Easy","https://takeuforward.org/data-structure/set-the-rightmost-bit","","","https://takeuforward.org/data-structure/set-the-rightmost-bit","https://youtu.be/nttpF8kwgd4?si=x9o8PsYaA2XVZ9rV","",""
"Bit Manipulation [Concepts & Problems]","Learn Bit Manipulation","1005","Swap Two Numbers","No","No","Easy","https://takeuforward.org/data-structure/swap-two-numbers","https://takeuforward.org/plus/dsa/problems/swap-two-numbers?source=strivers-a2z-dsa-track","","https://takeuforward.org/data-structure/swap-two-numbers","https://youtu.be/nttpF8kwgd4?si=x9o8PsYaA2XVZ9rV","",""
"Bit Manipulation [Concepts & Problems]","Learn Bit Manipulation","140","Divide two numbers without multiplication and division","No","No","Medium","https://takeuforward.org/data-structure/divide-two-integers-without-using-multiplication-division-and-mod-operator","https://takeuforward.org/plus/dsa/problems/divide-two-numbers-without-multiplication-and-division?source=strivers-a2z-dsa-track","https://takeuforward.org/plus/dsa/problems/divide-two-numbers-without-multiplication-and-division?tab=editorial&source=strivers-a2z-dsa-track","https://takeuforward.org/data-structure/divide-two-integers-without-using-multiplication-division-and-mod-operator","https://youtu.be/pBD4B1tzgVc?si=G9c5pEE-RrzeU6sz","https://leetcode.com/problems/divide-two-integers/",""
"Bit Manipulation [Concepts & Problems]","Interview Problems","141","Minimum Bit Flips to Convert Number","No","No","Medium","https://takeuforward.org/data-structure/count-number-of-bits-to-be-flipped-to-convert-a-to-b","https://takeuforward.org/plus/dsa/problems/minimum-bit-flips-to-convert-number?source=strivers-a2z-dsa-track","https://takeuforward.org/plus/dsa/problems/minimum-bit-flips-to-convert-number?tab=editorial&source=strivers-a2z-dsa-track","https://takeuforward.org/data-structure/count-number-of-bits-to-be-flipped-to-convert-a-to-b","https://youtu.be/OOdrmcfZXd8?si=rnkRVz1UiVBKWC69","https://leetcode.com/problems/minimum-bit-flips-to-convert-number/",""
"Bit Manipulation [Concepts & Problems]","Interview Problems","143","Single Number - I","No","No","Medium","https://takeuforward.org/arrays/find-the-number-that-appears-once-and-the-other-numbers-twice/","https://takeuforward.org/plus/dsa/problems/single-number---i?source=strivers-a2z-dsa-track","https://takeuforward.org/plus/dsa/problems/single-number---i?tab=editorial&source=strivers-a2z-dsa-track","https://takeuforward.org/arrays/find-the-number-that-appears-once-and-the-other-numbers-twice/","https://youtu.be/bYWLJb3vCWY?t=1369","https://leetcode.com/problems/single-number/",""
"Bit Manipulation [Concepts & Problems]","Interview Problems","142","Power Set Bit Manipulation","No","No","Medium","https://takeuforward.org/bit-manipulation/power-set-bit-manipulation","https://takeuforward.org/plus/dsa/problems/power-set-bit-manipulation?source=strivers-a2z-dsa-track","https://takeuforward.org/plus/dsa/problems/power-set-bit-manipulation?tab=editorial&source=strivers-a2z-dsa-track","https://takeuforward.org/bit-manipulation/power-set-bit-manipulation","https://youtu.be/LqKaUv1G3_I?si=UXU_T5OsHiokPRvP","https://leetcode.com/problems/subsets/",""
"Bit Manipulation [Concepts & Problems]","Interview Problems","146","XOR of numbers in a given range","No","No","Medium","https://takeuforward.org/data-structure/find-xor-of-numbers-from-l-to-r","https://takeuforward.org/plus/dsa/problems/xor-of-numbers-in-a-given-range?source=strivers-a2z-dsa-track","https://takeuforward.org/plus/dsa/problems/xor-of-numbers-in-a-given-range?tab=editorial&source=strivers-a2z-dsa-track","https://takeuforward.org/data-structure/find-xor-of-numbers-from-l-to-r","https://youtu.be/WqGb7159h7Q?si=uGUEbNUUaIN_6Vvr","",""
"Bit Manipulation [Concepts & Problems]","Interview Problems","145","Single Number - III","No","No","Medium","https://takeuforward.org/data-structure/find-the-two-numbers-appearing-odd-number-of-times","https://takeuforward.org/plus/dsa/problems/single-number---iii?source=strivers-a2z-dsa-track","https://takeuforward.org/plus/dsa/problems/single-number---iii?tab=editorial&source=strivers-a2z-dsa-track","https://takeuforward.org/data-structure/find-the-two-numbers-appearing-odd-number-of-times","https://youtu.be/UA5JnV1J2sI?si=VFBRJyb3boZvx_r1","",""
"Bit Manipulation [Concepts & Problems]","Advanced Maths","2853","Print Prime Factors of a Number","No","No","Hard","https://takeuforward.org/data-structure/find-the-two-numbers-appearing-odd-number-of-times","https://takeuforward.org/plus/dsa/problems/prime-factorisation-of-a-number?source=strivers-a2z-dsa-track","https://takeuforward.org/plus/dsa/problems/prime-factorisation-of-a-number?tab=editorial&source=strivers-a2z-dsa-track","https://takeuforward.org/data-structure/find-the-two-numbers-appearing-odd-number-of-times","https://youtu.be/LT7XhVdeRyg?si=6HkjQokJRPTFai21","",""
"Bit Manipulation [Concepts & Problems]","Advanced Maths","370","Divisors of a Number","No","No","Easy","https://takeuforward.org/data-structure/print-all-divisors-of-a-given-number/","https://takeuforward.org/plus/dsa/problems/divisors-of-a-number?source=strivers-a2z-dsa-track","https://takeuforward.org/plus/dsa/problems/divisors-of-a-number?tab=editorial&source=strivers-a2z-dsa-track","https://takeuforward.org/data-structure/print-all-divisors-of-a-given-number/","https://youtu.be/1xNbjMdbjug?t=1580","",""
"Bit Manipulation [Concepts & Problems]","Advanced Maths","651","Count primes in range L to R","No","No","Hard","https://takeuforward.org/data-structure/sieve-of-eratosthenes","https://takeuforward.org/plus/dsa/problems/count-primes-in-range-l-to-r?source=strivers-a2z-dsa-track","https://takeuforward.org/plus/dsa/problems/count-primes-in-range-l-to-r?tab=editorial&source=strivers-a2z-dsa-track","https://takeuforward.org/data-structure/sieve-of-eratosthenes","https://youtu.be/g5Fuxn_AvSk?si=fv6Q-Po7wrMW0a5n","https://leetcode.com/problems/count-primes/",""
"Bit Manipulation [Concepts & Problems]","Advanced Maths","652","Prime factorisation of a Number","No","No","Hard","https://takeuforward.org/data-structure/find-the-two-numbers-appearing-odd-number-of-times","https://takeuforward.org/plus/dsa/problems/prime-factorisation-of-a-number?source=strivers-a2z-dsa-track","https://takeuforward.org/plus/dsa/problems/prime-factorisation-of-a-number?tab=editorial&source=strivers-a2z-dsa-track","https://takeuforward.org/data-structure/find-the-two-numbers-appearing-odd-number-of-times","https://youtu.be/LT7XhVdeRyg?si=6HkjQokJRPTFai21","",""
"Bit Manipulation [Concepts & Problems]","Advanced Maths","877","Pow(x,n)","No","No","Easy","https://takeuforward.org/data-structure/implement-powxn-x-raised-to-the-power-n/","https://takeuforward.org/plus/dsa/problems/pow(x,n)?source=strivers-a2z-dsa-track","https://takeuforward.org/plus/dsa/problems/pow(x,n)?tab=editorial&source=strivers-a2z-dsa-track","https://takeuforward.org/data-structure/implement-powxn-x-raised-to-the-power-n/","https://youtu.be/l0YC3876qxg","https://leetcode.com/problems/powx-n/",""
"Stack and Queues [Learning, Pre-In-Post-fix, Monotonic Stack, Implementation]","Learning","390","Implement Stack using Arrays","Yes","No","Easy","https://takeuforward.org/data-structure/implement-stack-using-array/","https://takeuforward.org/plus/dsa/problems/implement-stack-using-arrays?source=strivers-a2z-dsa-track","https://takeuforward.org/plus/dsa/problems/implement-stack-using-arrays?tab=editorial&source=strivers-a2z-dsa-track","https://takeuforward.org/data-structure/implement-stack-using-array/","https://youtu.be/tqQ5fTamIN4?si=ofLt8Zt1ZvhikZ6w","",""
"Stack and Queues [Learning, Pre-In-Post-fix, Monotonic Stack, Implementation]","Learning","387","Implement Queue using Arrays","Yes","No","Easy","https://takeuforward.org/data-structure/implement-queue-using-array/","https://takeuforward.org/plus/dsa/problems/implement-queue-using-arrays?source=strivers-a2z-dsa-track","https://takeuforward.org/plus/dsa/problems/implement-queue-using-arrays?tab=editorial&source=strivers-a2z-dsa-track","https://takeuforward.org/data-structure/implement-queue-using-array/","https://youtu.be/tqQ5fTamIN4?si=ofLt8Zt1ZvhikZ6w","",""
"Stack and Queues [Learning, Pre-In-Post-fix, Monotonic Stack, Implementation]","Learning","392","Implement Stack using Queue","No","No","Easy","https://takeuforward.org/data-structure/implement-stack-using-single-queue","https://takeuforward.org/plus/dsa/problems/implement-stack-using-queue?source=strivers-a2z-dsa-track","https://takeuforward.org/plus/dsa/problems/implement-stack-using-queue?tab=editorial&source=strivers-a2z-dsa-track","https://takeuforward.org/data-structure/implement-stack-using-single-queue","https://youtu.be/tqQ5fTamIN4?si=ofLt8Zt1ZvhikZ6w","https://leetcode.com/problems/implement-stack-using-queues/",""
"Stack and Queues [Learning, Pre-In-Post-fix, Monotonic Stack, Implementation]","Learning","389","Implement Queue using Stack","No","No","Easy","https://takeuforward.org/data-structure/implement-queue-using-stack/","https://takeuforward.org/plus/dsa/problems/implement-queue-using-stack?source=strivers-a2z-dsa-track","https://takeuforward.org/plus/dsa/problems/implement-queue-using-stack?tab=editorial&source=strivers-a2z-dsa-track","https://takeuforward.org/data-structure/implement-queue-using-stack/","https://youtu.be/tqQ5fTamIN4?si=ofLt8Zt1ZvhikZ6w","https://leetcode.com/problems/implement-queue-using-stacks/",""
"Stack and Queues [Learning, Pre-In-Post-fix, Monotonic Stack, Implementation]","Learning","391","Implement stack using Linkedlist","Yes","No","Easy","https://takeuforward.org/data-structure/implement-stack-using-linked-list/","https://takeuforward.org/plus/dsa/problems/implement-stack-using-linkedlist?source=strivers-a2z-dsa-track","https://takeuforward.org/plus/dsa/problems/implement-stack-using-linkedlist?tab=editorial&source=strivers-a2z-dsa-track","https://takeuforward.org/data-structure/implement-stack-using-linked-list/","https://youtu.be/tqQ5fTamIN4?si=ofLt8Zt1ZvhikZ6w","",""
"Stack and Queues [Learning, Pre-In-Post-fix, Monotonic Stack, Implementation]","Learning","388","Implement queue using Linkedlist","Yes","No","Easy","https://takeuforward.org/data-structure/implement-queue-using-linked-list/","https://takeuforward.org/plus/dsa/problems/implement-queue-using-linkedlist?source=strivers-a2z-dsa-track","https://takeuforward.org/plus/dsa/problems/implement-queue-using-linkedlist?tab=editorial&source=strivers-a2z-dsa-track","https://takeuforward.org/data-structure/implement-queue-using-linked-list/","https://youtu.be/tqQ5fTamIN4?si=ofLt8Zt1ZvhikZ6w","",""
"Stack and Queues [Learning, Pre-In-Post-fix, Monotonic Stack, Implementation]","Learning","966","Balanced Paranthesis","Yes","No","Easy","https://takeuforward.org/data-structure/check-for-balanced-parentheses/","https://takeuforward.org/plus/dsa/problems/balanced-paranthesis?source=strivers-a2z-dsa-track","https://takeuforward.org/plus/dsa/problems/balanced-paranthesis?tab=editorial&source=strivers-a2z-dsa-track","https://takeuforward.org/data-structure/check-for-balanced-parentheses/","https://youtu.be/xwjS0iZhw4I?si=UoyKpFn4Q3nf5h2R","https://leetcode.com/problems/valid-parentheses/",""
"Stack and Queues [Learning, Pre-In-Post-fix, Monotonic Stack, Implementation]","Learning","958","Implement Min Stack","Yes","No","Hard","https://takeuforward.org/data-structure/implement-min-stack-o2n-and-on-space-complexity/","https://takeuforward.org/plus/dsa/problems/implement-min-stack?source=strivers-a2z-dsa-track","https://takeuforward.org/plus/dsa/problems/implement-min-stack?tab=editorial&source=strivers-a2z-dsa-track","https://takeuforward.org/data-structure/implement-min-stack-o2n-and-on-space-complexity/","https://youtu.be/NdDIaH91P0g?si=4_Jbsq5trFvfSdUY","https://leetcode.com/problems/min-stack/",""
"Stack and Queues [Learning, Pre-In-Post-fix, Monotonic Stack, Implementation]","Prefix, Infix, PostFix Conversion Problems","586","Infix to Postfix Conversion","No","No","Medium","https://takeuforward.org/data-structure/infix-to-postfix/","https://takeuforward.org/plus/dsa/problems/infix-to-postfix-conversion?source=strivers-a2z-dsa-track","","https://takeuforward.org/data-structure/infix-to-postfix/","https://youtu.be/4pIc9UBHJtk?si=ryeVvQWpCgwbTQrh","",""
"Stack and Queues [Learning, Pre-In-Post-fix, Monotonic Stack, Implementation]","Prefix, Infix, PostFix Conversion Problems","848","Prefix to Infix Conversion","No","No","Medium","https://takeuforward.org/data-structure/prefix-to-infix-conversion","https://takeuforward.org/plus/dsa/problems/prefix-to-infix-conversion?source=strivers-a2z-dsa-track","","https://takeuforward.org/data-structure/prefix-to-infix-conversion","https://youtu.be/4pIc9UBHJtk?si=ryeVvQWpCgwbTQrh","",""
"Stack and Queues [Learning, Pre-In-Post-fix, Monotonic Stack, Implementation]","Prefix, Infix, PostFix Conversion Problems","849","Prefix to Postfix Conversion","No","No","Medium","https://takeuforward.org/data-structure/prefix-to-postfix-conversion","https://takeuforward.org/plus/dsa/problems/prefix-to-postfix-conversion?source=strivers-a2z-dsa-track","","https://takeuforward.org/data-structure/prefix-to-postfix-conversion","https://youtu.be/4pIc9UBHJtk?si=0pWtyDC1GhbiYP3P","",""
"Stack and Queues [Learning, Pre-In-Post-fix, Monotonic Stack, Implementation]","Prefix, Infix, PostFix Conversion Problems","825","Postfix to Prefix Conversion","No","No","Medium","https://takeuforward.org/data-structure/postfix-to-prefix-conversion","https://takeuforward.org/plus/dsa/problems/postfix-to-prefix-conversion?source=strivers-a2z-dsa-track","","https://takeuforward.org/data-structure/postfix-to-prefix-conversion","https://youtu.be/4pIc9UBHJtk?si=0pWtyDC1GhbiYP3P","",""
"Stack and Queues [Learning, Pre-In-Post-fix, Monotonic Stack, Implementation]","Prefix, Infix, PostFix Conversion Problems","824","Postfix to Infix Conversion","No","No","Easy","https://takeuforward.org/data-structure/postfix-to-infix","https://takeuforward.org/plus/dsa/problems/postfix-to-infix-conversion?source=strivers-a2z-dsa-track","","https://takeuforward.org/data-structure/postfix-to-infix","https://youtu.be/4pIc9UBHJtk?si=0pWtyDC1GhbiYP3P","",""
"Stack and Queues [Learning, Pre-In-Post-fix, Monotonic Stack, Implementation]","Prefix, Infix, PostFix Conversion Problems","587","Infix to Prefix Conversion","No","No","Medium","https://takeuforward.org/data-structure/infix-to-prefix/","https://takeuforward.org/plus/dsa/problems/infix-to-prefix-conversion?source=strivers-a2z-dsa-track","","https://takeuforward.org/data-structure/infix-to-prefix/","https://youtu.be/4pIc9UBHJtk?si=0pWtyDC1GhbiYP3P","",""
"Stack and Queues [Learning, Pre-In-Post-fix, Monotonic Stack, Implementation]","Monotonic Stack/Queue Problems [VVV. Imp]","968","Next Greater Element","Yes","No","Medium","https://takeuforward.org/data-structure/next-greater-element-using-stack/","https://takeuforward.org/plus/dsa/problems/next-greater-element?source=strivers-a2z-dsa-track","https://takeuforward.org/plus/dsa/problems/next-greater-element?tab=editorial&source=strivers-a2z-dsa-track","https://takeuforward.org/data-structure/next-greater-element-using-stack/","https://youtu.be/e7XQLtOQM3I?si=QdcHpTtx6gAHsext","https://leetcode.com/problems/next-greater-element-i/",""
"Stack and Queues [Learning, Pre-In-Post-fix, Monotonic Stack, Implementation]","Monotonic Stack/Queue Problems [VVV. Imp]","969","Next Greater Element - 2","Yes","No","Medium","https://takeuforward.org/data-structure/next-greater-element-2","https://takeuforward.org/plus/dsa/problems/next-greater-element---2?source=strivers-a2z-dsa-track","https://takeuforward.org/plus/dsa/problems/next-greater-element---2?tab=editorial&source=strivers-a2z-dsa-track","https://takeuforward.org/data-structure/next-greater-element-2","https://youtu.be/7PrncD7v9YQ?si=UkBc7eVy9HGlBpeW","https://leetcode.com/problems/next-greater-element-ii/",""
"Stack and Queues [Learning, Pre-In-Post-fix, Monotonic Stack, Implementation]","Monotonic Stack/Queue Problems [VVV. Imp]","768","Next Smaller Element","Yes","No","Medium","https://takeuforward.org/data-structure/next-smaller-element","https://takeuforward.org/plus/dsa/problems/next-smaller-element?source=strivers-a2z-dsa-track","","https://takeuforward.org/data-structure/next-smaller-element","","",""
"Stack and Queues [Learning, Pre-In-Post-fix, Monotonic Stack, Implementation]","Monotonic Stack/Queue Problems [VVV. Imp]","285","Number of Greater Elements to the Right","No","No","Easy","https://takeuforward.org/data-structure/number-of-nges-to-the-right","https://takeuforward.org/plus/dsa/problems/number-of-greater-elements-to-the-right?source=strivers-a2z-dsa-track","","https://takeuforward.org/data-structure/number-of-nges-to-the-right","","",""
"Stack and Queues [Learning, Pre-In-Post-fix, Monotonic Stack, Implementation]","Monotonic Stack/Queue Problems [VVV. Imp]","965","Trapping Rainwater","No","No","Hard","https://takeuforward.org/data-structure/trapping-rainwater/","https://takeuforward.org/plus/dsa/problems/trapping-rainwater?source=strivers-a2z-dsa-track","https://takeuforward.org/plus/dsa/problems/trapping-rainwater?tab=editorial&source=strivers-a2z-dsa-track","https://takeuforward.org/data-structure/trapping-rainwater/","https://youtu.be/1_5VuquLbXg?si=NFG6df318_6OtGvg","https://leetcode.com/problems/trapping-rain-water/",""
"Stack and Queues [Learning, Pre-In-Post-fix, Monotonic Stack, Implementation]","Monotonic Stack/Queue Problems [VVV. Imp]","971","Sum of Subarray Minimums","No","No","Medium","https://takeuforward.org/data-structure/sum-of-subarray-minimums","https://takeuforward.org/plus/dsa/problems/sum-of-subarray-minimums?source=strivers-a2z-dsa-track","https://takeuforward.org/plus/dsa/problems/sum-of-subarray-minimums?tab=editorial&source=strivers-a2z-dsa-track","https://takeuforward.org/data-structure/sum-of-subarray-minimums","https://youtu.be/v0e8p9JCgRc?si=XAU7ekECgS5nboRw","https://leetcode.com/problems/sum-of-subarray-minimums/",""
"Stack and Queues [Learning, Pre-In-Post-fix, Monotonic Stack, Implementation]","Monotonic Stack/Queue Problems [VVV. Imp]","967","Asteroid Collision","No","No","Medium","https://takeuforward.org/data-structure/asteroid-collision","https://takeuforward.org/plus/dsa/problems/asteroid-collision?source=strivers-a2z-dsa-track","https://takeuforward.org/plus/dsa/problems/asteroid-collision?tab=editorial&source=strivers-a2z-dsa-track","https://takeuforward.org/data-structure/asteroid-collision","https://youtu.be/_eYGqw_VDR4?si=YyxibcHq800RqgIQ","https://leetcode.com/problems/asteroid-collision/",""
"Stack and Queues [Learning, Pre-In-Post-fix, Monotonic Stack, Implementation]","Monotonic Stack/Queue Problems [VVV. Imp]","972","Sum of Subarray Ranges","No","No","Medium","https://takeuforward.org/data-structure/sum-of-subarray-ranges","https://takeuforward.org/plus/dsa/problems/sum-of-subarray-ranges?source=strivers-a2z-dsa-track","https://takeuforward.org/plus/dsa/problems/sum-of-subarray-ranges?tab=editorial&source=strivers-a2z-dsa-track","https://takeuforward.org/data-structure/sum-of-subarray-ranges","https://youtu.be/gIrMptNPf5M?si=Q_GHuBvzZVs27X_U","https://leetcode.com/problems/sum-of-subarray-ranges/",""
"Stack and Queues [Learning, Pre-In-Post-fix, Monotonic Stack, Implementation]","Monotonic Stack/Queue Problems [VVV. Imp]","970","Remove K Digits","No","No","Medium","https://takeuforward.org/data-structure/remove-k-digits","https://takeuforward.org/plus/dsa/problems/remove-k-digits?source=strivers-a2z-dsa-track","https://takeuforward.org/plus/dsa/problems/remove-k-digits?tab=editorial&source=strivers-a2z-dsa-track","https://takeuforward.org/data-structure/remove-k-digits","https://youtu.be/jmbuRzYPGrg?si=WN387gwQ7aXWkUao","https://leetcode.com/problems/remove-k-digits/",""
"Stack and Queues [Learning, Pre-In-Post-fix, Monotonic Stack, Implementation]","Monotonic Stack/Queue Problems [VVV. Imp]","959","Largest rectangle in a histogram","No","No","Hard","https://takeuforward.org/data-structure/area-of-largest-rectangle-in-histogram/","https://takeuforward.org/plus/dsa/problems/largest-rectangle-in-a-histogram?source=strivers-a2z-dsa-track","https://takeuforward.org/plus/dsa/problems/largest-rectangle-in-a-histogram?tab=editorial&source=strivers-a2z-dsa-track","https://takeuforward.org/data-structure/area-of-largest-rectangle-in-histogram/","https://youtu.be/Bzat9vgD0fs?si=DiBlLejXcr6EJoyB","https://leetcode.com/problems/largest-rectangle-in-histogram/",""
"Stack and Queues [Learning, Pre-In-Post-fix, Monotonic Stack, Implementation]","Monotonic Stack/Queue Problems [VVV. Imp]","962","Maximum Rectangles","No","No","Hard","https://takeuforward.org/data-structure/maximum-rectangle-area-with-all-1s-dp-on-rectangles-dp-55/","https://takeuforward.org/plus/dsa/problems/maximum-rectangles?source=strivers-a2z-dsa-track","https://takeuforward.org/plus/dsa/problems/maximum-rectangles?tab=editorial&source=strivers-a2z-dsa-track","https://takeuforward.org/data-structure/maximum-rectangle-area-with-all-1s-dp-on-rectangles-dp-55/","https://youtu.be/tOylVCugy9k","https://leetcode.com/problems/maximal-rectangle/",""
"Stack and Queues [Learning, Pre-In-Post-fix, Monotonic Stack, Implementation]","Implementation Problems","963","Sliding Window Maximum","No","No","Hard","https://takeuforward.org/data-structure/sliding-window-maximum/","https://takeuforward.org/plus/dsa/problems/sliding-window-maximum?source=strivers-a2z-dsa-track","https://takeuforward.org/plus/dsa/problems/sliding-window-maximum?tab=editorial&source=strivers-a2z-dsa-track","https://takeuforward.org/data-structure/sliding-window-maximum/","https://youtu.be/NwBvene4Imo?si=eU1PY-bcQfk5wdog","https://leetcode.com/problems/sliding-window-maximum/",""
"Stack and Queues [Learning, Pre-In-Post-fix, Monotonic Stack, Implementation]","Implementation Problems","964","Stock span problem","No","No","Hard","https://takeuforward.org/data-structure/stock-span-problem","https://takeuforward.org/plus/dsa/problems/stock-span-problem?source=strivers-a2z-dsa-track","https://takeuforward.org/plus/dsa/problems/stock-span-problem?tab=editorial&source=strivers-a2z-dsa-track","https://takeuforward.org/data-structure/stock-span-problem","https://youtu.be/eay-zoSRkVc?si=deNNe5i38BOAntha","https://leetcode.com/problems/online-stock-span/",""
"Stack and Queues [Learning, Pre-In-Post-fix, Monotonic Stack, Implementation]","Implementation Problems","957","Celebrity Problem","No","No","Hard","https://takeuforward.org/data-structure/celebrity-problem","https://takeuforward.org/plus/dsa/problems/celebrity-problem?source=strivers-a2z-dsa-track","https://takeuforward.org/plus/dsa/problems/celebrity-problem?tab=editorial&source=strivers-a2z-dsa-track","https://takeuforward.org/data-structure/celebrity-problem","https://youtu.be/cEadsbTeze4?si=olXYfOs7l-SEn2zl","https://leetcode.com/accounts/login/?next=/problems/find-the-celebrity/",""
"Stack and Queues [Learning, Pre-In-Post-fix, Monotonic Stack, Implementation]","Implementation Problems","961","LRU Cache","No","No","Medium","https://takeuforward.org/data-structure/program-for-least-recently-used-lru-page-replacement-algorithm","https://takeuforward.org/plus/dsa/problems/lru-cache?source=strivers-a2z-dsa-track","https://takeuforward.org/plus/dsa/problems/lru-cache?tab=editorial&source=strivers-a2z-dsa-track","https://takeuforward.org/data-structure/program-for-least-recently-used-lru-page-replacement-algorithm","","",""
"Stack and Queues [Learning, Pre-In-Post-fix, Monotonic Stack, Implementation]","Implementation Problems","960","LFU Cache","No","No","Hard","https://takeuforward.org/data-structure/lfu-cache","https://takeuforward.org/plus/dsa/problems/lfu-cache?source=strivers-a2z-dsa-track","https://takeuforward.org/plus/dsa/problems/lfu-cache?tab=editorial&source=strivers-a2z-dsa-track","https://takeuforward.org/data-structure/lfu-cache","https://www.youtube.com/watch?v=0PSB9y8ehbk&list=PLgUwDviBIf0p4ozDR_kJJkONnb1wdx2Ma&index=79","https://leetcode.com/problems/lfu-cache/",""
"Sliding Window & Two Pointer Combined Problems","Medium Problems","2857","Longest Substring Without Repeating Characters","Yes","No","Medium","https://takeuforward.org/data-structure/length-of-longest-substring-without-any-repeating-character/","https://takeuforward.org/plus/dsa/problems/longest-substring-without-repeating-characters?source=strivers-a2z-dsa-track","https://takeuforward.org/plus/dsa/problems/longest-substring-without-repeating-characters?tab=editorial&source=strivers-a2z-dsa-track","https://takeuforward.org/data-structure/length-of-longest-substring-without-any-repeating-character/","https://youtu.be/-zSxTJkcdAo?si=I2zfR-vlDMg0zU9z","https://leetcode.com/problems/longest-substring-without-repeating-characters/",""
"Sliding Window & Two Pointer Combined Problems","Medium Problems","930","Max Consecutive Ones III","Yes","No","Medium","https://takeuforward.org/data-structure/max-consecutive-ones-iii","https://takeuforward.org/plus/dsa/problems/max-consecutive-ones-iii?source=strivers-a2z-dsa-track","https://takeuforward.org/plus/dsa/problems/max-consecutive-ones-iii?tab=editorial&source=strivers-a2z-dsa-track","https://takeuforward.org/data-structure/max-consecutive-ones-iii","https://youtu.be/3E4JBHSLpYk?si=SoOW64pP6otEKxBw","https://leetcode.com/problems/max-consecutive-ones-iii/",""
"Sliding Window & Two Pointer Combined Problems","Medium Problems","926","Fruit Into Baskets","No","No","Medium","https://takeuforward.org/data-structure/fruit-into-baskets","https://takeuforward.org/plus/dsa/problems/fruit-into-baskets?source=strivers-a2z-dsa-track","https://takeuforward.org/plus/dsa/problems/fruit-into-baskets?tab=editorial&source=strivers-a2z-dsa-track","https://takeuforward.org/data-structure/fruit-into-baskets","https://youtu.be/e3bs0uA1NhQ?si=gR8pO62u-nJeFAXk","",""
"Sliding Window & Two Pointer Combined Problems","Medium Problems","927","Longest Repeating Character Replacement","No","No","Hard","https://takeuforward.org/data-structure/longest-repeating-character-replacement","https://takeuforward.org/plus/dsa/problems/longest-repeating-character-replacement?source=strivers-a2z-dsa-track","https://takeuforward.org/plus/dsa/problems/longest-repeating-character-replacement?tab=editorial&source=strivers-a2z-dsa-track","https://takeuforward.org/data-structure/longest-repeating-character-replacement","https://youtu.be/_eNhaDCr6P0?si=pBWcEjozF5poom0p","https://leetcode.com/problems/longest-repeating-character-replacement/",""
"Sliding Window & Two Pointer Combined Problems","Medium Problems","923","Binary Subarrays With Sum","No","No","Hard","https://takeuforward.org/data-structure/binary-subarray-with-sum","https://takeuforward.org/plus/dsa/problems/binary-subarrays-with-sum?source=strivers-a2z-dsa-track","https://takeuforward.org/plus/dsa/problems/binary-subarrays-with-sum?tab=editorial&source=strivers-a2z-dsa-track","https://takeuforward.org/data-structure/binary-subarray-with-sum","https://youtu.be/XnMdNUkX6VM?si=Nyt8EveeLUg8lmty","https://leetcode.com/problems/binary-subarrays-with-sum/",""
"Sliding Window & Two Pointer Combined Problems","Medium Problems","924","Count number of Nice subarrays","No","No","Hard","https://takeuforward.org/data-structure/count-number-of-nice-subarrays","https://takeuforward.org/plus/dsa/problems/count-number-of-nice-subarrays?source=strivers-a2z-dsa-track","https://takeuforward.org/plus/dsa/problems/count-number-of-nice-subarrays?tab=editorial&source=strivers-a2z-dsa-track","https://takeuforward.org/data-structure/count-number-of-nice-subarrays","https://youtu.be/j_QOv9OT9Og?si=Oq5-5hyFkzVSOZpP","https://leetcode.com/problems/count-number-of-nice-subarrays/",""
"Sliding Window & Two Pointer Combined Problems","Medium Problems","925","Number of Substrings Containing All Three Characters","No","No","Hard","https://takeuforward.org/data-structure/number-of-substring-containing-all-three-characters","https://takeuforward.org/plus/dsa/problems/number-of-substrings-containing-all-three-characters?source=strivers-a2z-dsa-track","https://takeuforward.org/plus/dsa/problems/number-of-substrings-containing-all-three-characters?tab=editorial&source=strivers-a2z-dsa-track","https://takeuforward.org/data-structure/number-of-substring-containing-all-three-characters","https://youtu.be/xtqN4qlgr8s?si=kuaLHVOLXhh5Z2tW","https://leetcode.com/problems/number-of-substrings-containing-all-three-characters/",""
"Sliding Window & Two Pointer Combined Problems","Medium Problems","922","Maximum Points You Can Obtain from Cards","Yes","No","Medium","https://takeuforward.org/data-structure/maximum-point-you-can-obtain-from-cards","https://takeuforward.org/plus/dsa/problems/maximum-points-you-can-obtain-from-cards-?source=strivers-a2z-dsa-track","https://takeuforward.org/plus/dsa/problems/maximum-points-you-can-obtain-from-cards-?tab=editorial&source=strivers-a2z-dsa-track","https://takeuforward.org/data-structure/maximum-point-you-can-obtain-from-cards","https://youtu.be/pBWCOCS636U?si=-X64rY67noxvOwrG","https://leetcode.com/problems/maximum-points-you-can-obtain-from-cards/",""
"Sliding Window & Two Pointer Combined Problems","Hard Problems","928","Longest Substring With At Most K Distinct Characters","No","No","Hard","https://takeuforward.org/data-structure/longest-substring-with-at-most-k-distinct-characters","https://takeuforward.org/plus/dsa/problems/longest-substring-with-at-most-k-distinct-characters?source=strivers-a2z-dsa-track","https://takeuforward.org/plus/dsa/problems/longest-substring-with-at-most-k-distinct-characters?tab=editorial&source=strivers-a2z-dsa-track","https://takeuforward.org/data-structure/longest-substring-with-at-most-k-distinct-characters","https://youtu.be/teM9ZsVRQyc?si=Kh0_u6aCkkBU3Q33","https://leetcode.com/problems/longest-substring-with-at-most-k-distinct-characters/",""
"Sliding Window & Two Pointer Combined Problems","Hard Problems","988","Subarrays with K Different Integers","No","No","Medium","https://takeuforward.org/data-structure/subarray-with-k-different-integers","https://takeuforward.org/plus/dsa/problems/subarrays-with-k-different-integers?source=strivers-a2z-dsa-track","","https://takeuforward.org/data-structure/subarray-with-k-different-integers","https://youtu.be/7wYGbV_LsX4?si=KWa48RgLDCvdNqRb","https://leetcode.com/problems/subarrays-with-k-different-integers/",""
"Sliding Window & Two Pointer Combined Problems","Hard Problems","931","Minimum Window Substring","No","No","Hard","","https://takeuforward.org/plus/dsa/problems/minimum-window-substring-?source=strivers-a2z-dsa-track","https://takeuforward.org/plus/dsa/problems/minimum-window-substring-?tab=editorial&source=strivers-a2z-dsa-track","","https://youtu.be/WJaij9ffOIY?si=-xnsWIH84zWU0ICd","https://leetcode.com/problems/minimum-window-substring/",""
"Sliding Window & Two Pointer Combined Problems","Hard Problems","754","Minimum Window Subsequence","No","No","Hard","","https://takeuforward.org/plus/dsa/problems/minimum-window-subsequence?source=strivers-a2z-dsa-track","https://takeuforward.org/plus/dsa/problems/minimum-window-subsequence?tab=editorial&source=strivers-a2z-dsa-track","","","https://leetcode.com/problems/minimum-window-subsequence/",""
"Heaps [Learning, Medium, Hard Problems]","Learning","1223","Heaps (Theory Video)","No","No","Easy","https://takeuforward.org/data-structure/introduction-to-priority-queues-using-binary-heaps","https://takeuforward.org/plus/dsa/problems/heaps-theory?source=strivers-a2z-dsa-track","https://takeuforward.org/plus/dsa/problems/heaps-theory?source=strivers-a2z-dsa-track","https://takeuforward.org/data-structure/introduction-to-priority-queues-using-binary-heaps","","",""
"Heaps [Learning, Medium, Hard Problems]","Learning","576","Implement Min Heap","No","No","Medium","","https://takeuforward.org/plus/dsa/problems/implement-min-heap?source=strivers-a2z-dsa-track","https://takeuforward.org/plus/dsa/problems/implement-min-heap?tab=editorial&source=strivers-a2z-dsa-track","","","",""
"Heaps [Learning, Medium, Hard Problems]","Learning","571","Check if an array represents a min heap","No","No","Medium","https://takeuforward.org/data-structure/check-if-an-array-represents-a-min-heap","https://takeuforward.org/plus/dsa/problems/check-if-an-array-represents-a-min-heap-?source=strivers-a2z-dsa-track","https://takeuforward.org/plus/dsa/problems/check-if-an-array-represents-a-min-heap-?tab=editorial&source=strivers-a2z-dsa-track","https://takeuforward.org/data-structure/check-if-an-array-represents-a-min-heap","","",""
"Heaps [Learning, Medium, Hard Problems]","Learning","572","Convert Min Heap to Max Heap","No","No","Medium","","https://takeuforward.org/plus/dsa/problems/convert-min-heap-to-max-heap?source=strivers-a2z-dsa-track","https://takeuforward.org/plus/dsa/problems/convert-min-heap-to-max-heap?tab=editorial&source=strivers-a2z-dsa-track","","","",""
"Heaps [Learning, Medium, Hard Problems]","Medium Problems","578","K-th Largest element in an array","No","No","Medium","https://takeuforward.org/data-structure/kth-largest-smallest-element-in-an-array/","https://takeuforward.org/plus/dsa/problems/k-th-largest-element-in-an-array?source=strivers-a2z-dsa-track","","https://takeuforward.org/data-structure/kth-largest-smallest-element-in-an-array/","","",""
"Heaps [Learning, Medium, Hard Problems]","Medium Problems","2840","Kth smallest element in an array [use priority queue]","No","No","Medium","https://takeuforward.org/data-structure/kth-largest-smallest-element-in-an-array/","https://takeuforward.org/plus/dsa/problems/kth-smallest-element-in-an-array?source=strivers-a2z-dsa-track","https://takeuforward.org/plus/dsa/problems/kth-smallest-element-in-an-array?tab=editorial&source=strivers-a2z-dsa-track","https://takeuforward.org/data-structure/kth-largest-smallest-element-in-an-array/","","",""
"Heaps [Learning, Medium, Hard Problems]","Medium Problems","2409","Sort K sorted array","No","No","Easy","https://takeuforward.org/data-structure/sort-k-sorted-array","","","https://takeuforward.org/data-structure/sort-k-sorted-array","","",""
"Heaps [Learning, Medium, Hard Problems]","Medium Problems","569","Merge K sorted Lists","No","No","Hard","https://takeuforward.org/data-structure/merge-m-sorted-lists","https://takeuforward.org/plus/dsa/problems/merge-k-sorted-lists?source=strivers-a2z-dsa-track","","https://takeuforward.org/data-structure/merge-m-sorted-lists","","https://leetcode.com/problems/merge-k-sorted-lists/",""
"Heaps [Learning, Medium, Hard Problems]","Medium Problems","898","Replace Elements by Their Rank","No","No","Easy","https://takeuforward.org/data-structure/replace-elements-by-its-rank-in-the-array/","https://takeuforward.org/plus/dsa/problems/replace-elements-by-their-rank?source=strivers-a2z-dsa-track","","https://takeuforward.org/data-structure/replace-elements-by-its-rank-in-the-array/","","",""
"Heaps [Learning, Medium, Hard Problems]","Medium Problems","1008","Task Scheduler","No","No","Medium","https://takeuforward.org/data-structure/task-scheduler","https://takeuforward.org/plus/dsa/problems/task-scheduler?source=strivers-a2z-dsa-track","","https://takeuforward.org/data-structure/task-scheduler","","https://leetcode.com/problems/task-scheduler/",""
"Heaps [Learning, Medium, Hard Problems]","Medium Problems","556","Hand of Straights","No","No","Medium","https://takeuforward.org/data-structure/hands-of-straights","https://takeuforward.org/plus/dsa/problems/hand-of-straights?source=strivers-a2z-dsa-track","","https://takeuforward.org/data-structure/hands-of-straights","","https://leetcode.com/problems/hand-of-straights/",""
"Heaps [Learning, Medium, Hard Problems]","Hard Problems","565","Design Twitter","No","No","Medium","https://takeuforward.org/data-structure/design-twitter","https://takeuforward.org/plus/dsa/problems/design-twitter?source=strivers-a2z-dsa-track","","https://takeuforward.org/data-structure/design-twitter","","https://leetcode.com/problems/design-twitter/",""
"Heaps [Learning, Medium, Hard Problems]","Hard Problems","755","Minimum Cost to Connect Sticks","No","No","Medium","https://takeuforward.org/data-structure/minimum-cost-to-connect-sticks","https://takeuforward.org/plus/dsa/problems/minimum-cost-to-connect-sticks?source=strivers-a2z-dsa-track","https://takeuforward.org/plus/dsa/problems/minimum-cost-to-connect-sticks?tab=editorial&source=strivers-a2z-dsa-track","https://takeuforward.org/data-structure/minimum-cost-to-connect-sticks","","",""
"Heaps [Learning, Medium, Hard Problems]","Hard Problems","2838","Kth largest element in a stream of running integers","No","No","Hard","https://takeuforward.org/data-structure/kth-largest-element-in-a-stream-of-running-integers","https://takeuforward.org/plus/dsa/problems/kth-largest-element-in-a-stream-of-running-integers?source=strivers-a2z-dsa-track","https://takeuforward.org/plus/dsa/problems/kth-largest-element-in-a-stream-of-running-integers?tab=editorial&source=strivers-a2z-dsa-track","https://takeuforward.org/data-structure/kth-largest-element-in-a-stream-of-running-integers","","https://leetcode.com/problems/kth-largest-element-in-a-stream/#:~:text=Implement%20KthLargest%20class%3A,largest%20element%20in%20the%20stream.",""
"Heaps [Learning, Medium, Hard Problems]","Hard Problems","568","Maximum Sum Combination","No","No","Hard","https://takeuforward.org/data-structure/maximum-sum-combination","https://takeuforward.org/plus/dsa/problems/maximum-sum-combination?source=strivers-a2z-dsa-track","","https://takeuforward.org/data-structure/maximum-sum-combination","","",""
"Heaps [Learning, Medium, Hard Problems]","Hard Problems","566","Find Median from Data Stream","No","No","Hard","https://takeuforward.org/data-structure/find-median-from-data-stream","https://takeuforward.org/plus/dsa/problems/find-median-from-data-stream?source=strivers-a2z-dsa-track","","https://takeuforward.org/data-structure/find-median-from-data-stream","","https://leetcode.com/problems/find-median-from-data-stream/",""
"Heaps [Learning, Medium, Hard Problems]","Hard Problems","1018","Top K Frequent Elements","No","No","Medium","https://takeuforward.org/data-structure/top-k-frequent-elements","https://takeuforward.org/plus/dsa/problems/top-k-frequent-elements?source=strivers-a2z-dsa-track","","https://takeuforward.org/data-structure/top-k-frequent-elements","","https://leetcode.com/problems/top-k-frequent-elements/",""
"Greedy Algorithms [Easy, Medium/Hard]","Easy Problems","2834","Assign Cookies","Yes","No","Easy","https://takeuforward.org/data-structure/assign-cookies","https://takeuforward.org/plus/dsa/problems/assign-cookies?source=strivers-a2z-dsa-track","https://takeuforward.org/plus/dsa/problems/assign-cookies?tab=editorial&source=strivers-a2z-dsa-track","https://takeuforward.org/data-structure/assign-cookies","https://youtu.be/DIX2p7vb9co?si=GofAIDimue-Av0Fi","https://leetcode.com/problems/assign-cookies/",""
"Greedy Algorithms [Easy, Medium/Hard]","Easy Problems","489","Fractional Knapsack","No","No","Medium","https://takeuforward.org/data-structure/fractional-knapsack-problem-greedy-approach/","https://takeuforward.org/plus/dsa/problems/fractional-knapsack?source=strivers-a2z-dsa-track","","https://takeuforward.org/data-structure/fractional-knapsack-problem-greedy-approach/","https://youtu.be/1ibsQrnuEEg?si=8R2By3wpHo0zZVHE","",""
"Greedy Algorithms [Easy, Medium/Hard]","Easy Problems","543","Lemonade Change","No","No","Easy","https://takeuforward.org/Greedy/lemonade-change","https://takeuforward.org/plus/dsa/problems/lemonade-change?source=strivers-a2z-dsa-track","https://takeuforward.org/plus/dsa/problems/lemonade-change?tab=editorial&source=strivers-a2z-dsa-track","https://takeuforward.org/Greedy/lemonade-change","https://youtu.be/n_tmibEhO6Q?si=q1NW8MfPy0QU6fIl","https://leetcode.com/problems/lemonade-change/",""
"Greedy Algorithms [Easy, Medium/Hard]","Easy Problems","545","Valid Paranthesis Checker","No","No","Hard","https://takeuforward.org/data-structure/valid-paranthesis-checker","https://takeuforward.org/plus/dsa/problems/valid-paranthesis-checker?source=strivers-a2z-dsa-track","https://takeuforward.org/plus/dsa/problems/valid-paranthesis-checker?tab=editorial&source=strivers-a2z-dsa-track","https://takeuforward.org/data-structure/valid-paranthesis-checker","https://youtu.be/cHT6sG_hUZI?si=XRHeyh7jOaLaTy3g","https://leetcode.com/problems/valid-parenthesis-string/",""
"Greedy Algorithms [Easy, Medium/Hard]","Medium/Hard","549","N meetings in one room","No","No","Medium","https://takeuforward.org/data-structure/n-meetings-in-one-room/","https://takeuforward.org/plus/dsa/problems/n-meetings-in-one-room?source=strivers-a2z-dsa-track","https://takeuforward.org/plus/dsa/problems/n-meetings-in-one-room?tab=editorial&source=strivers-a2z-dsa-track","https://takeuforward.org/data-structure/n-meetings-in-one-room/","https://youtu.be/mKfhTotEguk?si=2RELeq18mpmIIN3Q","",""
"Greedy Algorithms [Easy, Medium/Hard]","Medium/Hard","542","Jump Game - I","No","No","Easy","https://takeuforward.org/Greedy/jump-game-i","https://takeuforward.org/plus/dsa/problems/jump-game---i?source=strivers-a2z-dsa-track","https://takeuforward.org/plus/dsa/problems/jump-game---i?tab=editorial&source=strivers-a2z-dsa-track","https://takeuforward.org/Greedy/jump-game-i","https://youtu.be/tZAa_jJ3SwQ?si=voKd7n9VTLDRRNzJ","https://leetcode.com/problems/jump-game/",""
"Greedy Algorithms [Easy, Medium/Hard]","Medium/Hard","595","Jump Game II","No","No","Medium","https://takeuforward.org/data-structure/jump-game-2","https://takeuforward.org/plus/dsa/problems/jump-game-ii?source=strivers-a2z-dsa-track","","https://takeuforward.org/data-structure/jump-game-2","https://youtu.be/7SBVnw7GSTk?si=9uUouBELh9K3m2jZ","https://leetcode.com/problems/jump-game-ii/",""
"Greedy Algorithms [Easy, Medium/Hard]","Medium/Hard","548","Minimum number of platforms required for a railway","No","No","Medium","https://takeuforward.org/data-structure/minimum-number-of-platforms-required-for-a-railway/","https://takeuforward.org/plus/dsa/problems/minimum-number-of-platforms-required-for-a-railway?source=strivers-a2z-dsa-track","https://takeuforward.org/plus/dsa/problems/minimum-number-of-platforms-required-for-a-railway?tab=editorial&source=strivers-a2z-dsa-track","https://takeuforward.org/data-structure/minimum-number-of-platforms-required-for-a-railway/","https://youtu.be/AsGzwR_FWok?si=165acXU_dtqOHuo9","",""
"Greedy Algorithms [Easy, Medium/Hard]","Medium/Hard","547","Job sequencing Problem","No","No","Medium","https://takeuforward.org/data-structure/job-sequencing-problem/","https://takeuforward.org/plus/dsa/problems/job-sequencing-problem?source=strivers-a2z-dsa-track","https://takeuforward.org/plus/dsa/problems/job-sequencing-problem?tab=editorial&source=strivers-a2z-dsa-track","https://takeuforward.org/data-structure/job-sequencing-problem/","https://youtu.be/QbwltemZbRg?si=wvcemJ5BLPlTRmkG","",""
"Greedy Algorithms [Easy, Medium/Hard]","Medium/Hard","544","Candy","No","No","Hard","https://takeuforward.org/data-structure/candy","https://takeuforward.org/plus/dsa/problems/candy?source=strivers-a2z-dsa-track","https://takeuforward.org/plus/dsa/problems/candy?tab=editorial&source=strivers-a2z-dsa-track","https://takeuforward.org/data-structure/candy","https://youtu.be/IIqVFvKE6RY?si=EjmuXZJNLQLUkEd7","https://leetcode.com/problems/candy/",""
"Greedy Algorithms [Easy, Medium/Hard]","Medium/Hard","551","Shortest Job First","No","No","Medium","https://takeuforward.org/Greedy/shortest-job-first-or-sjf-cpu-scheduling","https://takeuforward.org/plus/dsa/problems/shortest-job-first?source=strivers-a2z-dsa-track","https://takeuforward.org/plus/dsa/problems/shortest-job-first?tab=editorial&source=strivers-a2z-dsa-track","https://takeuforward.org/Greedy/shortest-job-first-or-sjf-cpu-scheduling","https://youtu.be/3-QbX1iDbXs?si=IH8QZUblr01F7UoQ","",""
"Greedy Algorithms [Easy, Medium/Hard]","Medium/Hard","2859","Program for Least Recently Used (LRU) Page Replacement Algorithm","No","No","Medium","https://takeuforward.org/data-structure/program-for-least-recently-used-lru-page-replacement-algorithm","https://takeuforward.org/plus/dsa/problems/lru-cache?source=strivers-a2z-dsa-track","https://takeuforward.org/plus/dsa/problems/lru-cache?tab=editorial&source=strivers-a2z-dsa-track","https://takeuforward.org/data-structure/program-for-least-recently-used-lru-page-replacement-algorithm","","",""
"Greedy Algorithms [Easy, Medium/Hard]","Medium/Hard","546","Insert Interval","No","No","Medium","https://takeuforward.org/?s=Insert+Interval","https://takeuforward.org/plus/dsa/problems/insert-interval?source=strivers-a2z-dsa-track","https://takeuforward.org/plus/dsa/problems/insert-interval?tab=editorial&source=strivers-a2z-dsa-track","https://takeuforward.org/?s=Insert+Interval","https://youtu.be/xxRE-46OCC8?si=a7aPuIw16zDx2lAa","https://leetcode.com/problems/insert-interval/",""
"Greedy Algorithms [Easy, Medium/Hard]","Medium/Hard","712","Merge Intervals","No","No","Medium","https://takeuforward.org/data-structure/merge-overlapping-sub-intervals/","https://takeuforward.org/plus/dsa/problems/merge-intervals?source=strivers-a2z-dsa-track","","https://takeuforward.org/data-structure/merge-overlapping-sub-intervals/","https://www.youtube.com/watch?v=2JzRBPFYbKE&list=PLgUwDviBIf0rPG3Ictpu74YWBQ1CaBkm2&index=6","https://leetcode.com/problems/merge-intervals/",""
"Greedy Algorithms [Easy, Medium/Hard]","Medium/Hard","550","Non-overlapping Intervals","No","No","Medium","https://takeuforward.org/data-structure/non-overlapping-intervals","https://takeuforward.org/plus/dsa/problems/non-overlapping-intervals?source=strivers-a2z-dsa-track","https://takeuforward.org/plus/dsa/problems/non-overlapping-intervals?tab=editorial&source=strivers-a2z-dsa-track","https://takeuforward.org/data-structure/non-overlapping-intervals","https://youtu.be/HDHQ8lAWakY?si=JVtLqboGdpUTOVjf","https://leetcode.com/problems/non-overlapping-intervals/",""
"Binary Trees [Traversals, Medium and Hard Problems]","Traversals","2865","Introduction to Trees","No","No","Easy","https://takeuforward.org/binary-tree/introduction-to-trees/","https://takeuforward.org/plus/dsa/problems/introduction-?source=strivers-a2z-dsa-track","https://takeuforward.org/plus/dsa/problems/introduction-?source=strivers-a2z-dsa-track","https://takeuforward.org/binary-tree/introduction-to-trees/","https://youtu.be/_ANrF3FJm7I","",""
"Binary Trees [Traversals, Medium and Hard Problems]","Traversals","2864","Binary Tree Representation in Java","No","No","Easy","https://takeuforward.org/binary-tree/binary-tree-representation-in-java/","https://takeuforward.org/plus/dsa/problems/introduction-?source=strivers-a2z-dsa-track","https://takeuforward.org/plus/dsa/problems/introduction-?source=strivers-a2z-dsa-track","https://takeuforward.org/binary-tree/binary-tree-representation-in-java/","https://youtu.be/hyLyW7rP24I","",""
"Binary Trees [Traversals, Medium and Hard Problems]","Traversals","136","Pre, Post, Inorder in one traversal","No","No","Easy","https://takeuforward.org/data-structure/preorder-inorder-postorder-traversals-in-one-traversal/","https://takeuforward.org/plus/dsa/problems/pre,-post,-inorder-in-one-traversal?source=strivers-a2z-dsa-track","https://takeuforward.org/plus/dsa/problems/pre,-post,-inorder-in-one-traversal?tab=editorial&source=strivers-a2z-dsa-track","https://takeuforward.org/data-structure/preorder-inorder-postorder-traversals-in-one-traversal/","https://youtu.be/ySp2epYvgTE","",""
"Binary Trees [Traversals, Medium and Hard Problems]","Traversals","137","Preorder Traversal","No","No","Easy","https://takeuforward.org/data-structure/preorder-traversal-of-binary-tree/","https://takeuforward.org/plus/dsa/problems/preorder-traversal?source=strivers-a2z-dsa-track","https://takeuforward.org/plus/dsa/problems/preorder-traversal?tab=editorial&source=strivers-a2z-dsa-track","https://takeuforward.org/data-structure/preorder-traversal-of-binary-tree/","https://youtu.be/RlUu72JrOCQ","https://leetcode.com/problems/binary-tree-preorder-traversal/",""
"Binary Trees [Traversals, Medium and Hard Problems]","Traversals","2785","Inorder Traversal of Binary Tree","No","No","Easy","https://takeuforward.org/data-structure/inorder-traversal-of-binary-tree/","https://takeuforward.org/plus/dsa/problems/inorder-traversal?source=strivers-a2z-dsa-track","https://takeuforward.org/plus/dsa/problems/inorder-traversal?tab=editorial&source=strivers-a2z-dsa-track","https://takeuforward.org/data-structure/inorder-traversal-of-binary-tree/","https://youtu.be/Z_NEgBgbRVI","https://leetcode.com/problems/binary-tree-inorder-traversal/",""
"Binary Trees [Traversals, Medium and Hard Problems]","Traversals","135","Postorder Traversal","No","No","Easy","https://takeuforward.org/data-structure/iterative-postorder-traversal-of-binary-tree-using-2-stack","https://takeuforward.org/plus/dsa/problems/postorder-traversal?source=strivers-a2z-dsa-track","https://takeuforward.org/plus/dsa/problems/postorder-traversal?tab=editorial&source=strivers-a2z-dsa-track","https://takeuforward.org/data-structure/iterative-postorder-traversal-of-binary-tree-using-2-stack","https://youtu.be/2YBhNLodD8Q","https://leetcode.com/problems/binary-tree-postorder-traversal/",""
"Binary Trees [Traversals, Medium and Hard Problems]","Traversals","134","Level Order Traversal","No","No","Easy","https://takeuforward.org/data-structure/level-order-traversal-of-a-binary-tree/","https://takeuforward.org/plus/dsa/problems/level-order-traversal?source=strivers-a2z-dsa-track","https://takeuforward.org/plus/dsa/problems/level-order-traversal?tab=editorial&source=strivers-a2z-dsa-track","https://takeuforward.org/data-structure/level-order-traversal-of-a-binary-tree/","https://youtu.be/EoAsWbO7sqg","https://leetcode.com/problems/binary-tree-level-order-traversal/",""
"Binary Trees [Traversals, Medium and Hard Problems]","Traversals","2872","Iterative Preorder Traversal of Binary Tree","No","No","Easy","https://takeuforward.org/data-structure/iterative-preorder-traversal-of-binary-tree","https://takeuforward.org/plus/dsa/problems/preorder-traversal?source=strivers-a2z-dsa-track","https://takeuforward.org/plus/dsa/problems/preorder-traversal?tab=editorial&source=strivers-a2z-dsa-track","https://takeuforward.org/data-structure/iterative-preorder-traversal-of-binary-tree","https://youtu.be/Bfqd8BsPVuw","https://leetcode.com/problems/binary-tree-preorder-traversal/",""
"Binary Trees [Traversals, Medium and Hard Problems]","Traversals","2786","Iterative Inorder Traversal of Binary Tree","No","No","Easy","https://takeuforward.org/data-structure/inorder-traversal-of-binary-tree/","https://takeuforward.org/plus/dsa/problems/inorder-traversal?source=strivers-a2z-dsa-track","https://takeuforward.org/plus/dsa/problems/inorder-traversal?tab=editorial&source=strivers-a2z-dsa-track","https://takeuforward.org/data-structure/inorder-traversal-of-binary-tree/","https://youtu.be/lxTGsVXjwvM","https://leetcode.com/problems/binary-tree-inorder-traversal/",""
"Binary Trees [Traversals, Medium and Hard Problems]","Traversals","2788","Post-order Traversal of Binary Tree using 2 stack","No","No","Easy","https://takeuforward.org/data-structure/iterative-postorder-traversal-of-binary-tree-using-2-stack","https://takeuforward.org/plus/dsa/problems/postorder-traversal?source=strivers-a2z-dsa-track","https://takeuforward.org/plus/dsa/problems/postorder-traversal?tab=editorial&source=strivers-a2z-dsa-track","https://takeuforward.org/data-structure/iterative-postorder-traversal-of-binary-tree-using-2-stack","https://youtu.be/2YBhNLodD8Q","https://leetcode.com/problems/binary-tree-postorder-traversal/",""
"Binary Trees [Traversals, Medium and Hard Problems]","Traversals","2787","Post-order Traversal of Binary Tree using 1 stack","No","No","Easy","https://takeuforward.org/data-structure/post-order-traversal-of-binary-tree/","https://takeuforward.org/plus/dsa/problems/postorder-traversal?source=strivers-a2z-dsa-track","https://takeuforward.org/plus/dsa/problems/postorder-traversal?tab=editorial&source=strivers-a2z-dsa-track","https://takeuforward.org/data-structure/post-order-traversal-of-binary-tree/","https://youtu.be/NzIGLLwZBS8","https://leetcode.com/problems/binary-tree-postorder-traversal/",""
"Binary Trees [Traversals, Medium and Hard Problems]","Traversals","2789","Preorder, Inorder, and Postorder Traversal in one Traversal","No","No","Easy","https://takeuforward.org/data-structure/preorder-inorder-postorder-traversals-in-one-traversal/","https://takeuforward.org/plus/dsa/problems/pre,-post,-inorder-in-one-traversal?source=strivers-a2z-dsa-track","https://takeuforward.org/plus/dsa/problems/pre,-post,-inorder-in-one-traversal?tab=editorial&source=strivers-a2z-dsa-track","https://takeuforward.org/data-structure/preorder-inorder-postorder-traversals-in-one-traversal/","https://youtu.be/ySp2epYvgTE","",""
"Binary Trees [Traversals, Medium and Hard Problems]","Medium Problems","131","Maximum Depth in BT","No","No","Medium","https://takeuforward.org/data-structure/maximum-depth-of-a-binary-tree/","https://takeuforward.org/plus/dsa/problems/maximum-depth-in-bt?source=strivers-a2z-dsa-track","https://takeuforward.org/plus/dsa/problems/maximum-depth-in-bt?tab=editorial&source=strivers-a2z-dsa-track","https://takeuforward.org/data-structure/maximum-depth-of-a-binary-tree/","https://youtu.be/eD3tmO66aBA","https://leetcode.com/problems/maximum-depth-of-binary-tree/",""
"Binary Trees [Traversals, Medium and Hard Problems]","Medium Problems","127","Check for balanced binary tree","No","No","Medium","https://takeuforward.org/data-structure/check-if-the-binary-tree-is-balanced-binary-tree/","https://takeuforward.org/plus/dsa/problems/check-for-balanced-binary-tree?source=strivers-a2z-dsa-track","https://takeuforward.org/plus/dsa/problems/check-for-balanced-binary-tree?tab=editorial&source=strivers-a2z-dsa-track","https://takeuforward.org/data-structure/check-if-the-binary-tree-is-balanced-binary-tree/","https://youtu.be/Yt50Jfbd8Po","https://leetcode.com/problems/balanced-binary-tree/",""
"Binary Trees [Traversals, Medium and Hard Problems]","Medium Problems","130","Diameter of Binary Tree","No","No","Easy","https://takeuforward.org/data-structure/calculate-the-diameter-of-a-binary-tree/","https://takeuforward.org/plus/dsa/problems/diameter-of-binary-tree?source=strivers-a2z-dsa-track","https://takeuforward.org/plus/dsa/problems/diameter-of-binary-tree?tab=editorial&source=strivers-a2z-dsa-track","https://takeuforward.org/data-structure/calculate-the-diameter-of-a-binary-tree/","https://youtu.be/Rezetez59Nk","https://leetcode.com/problems/diameter-of-binary-tree/",""
"Binary Trees [Traversals, Medium and Hard Problems]","Medium Problems","132","Maximum path sum","No","No","Medium","https://takeuforward.org/data-structure/maximum-sum-path-in-binary-tree/","https://takeuforward.org/plus/dsa/problems/maximum-path-sum-?source=strivers-a2z-dsa-track","https://takeuforward.org/plus/dsa/problems/maximum-path-sum-?tab=editorial&source=strivers-a2z-dsa-track","https://takeuforward.org/data-structure/maximum-sum-path-in-binary-tree/","https://youtu.be/WszrfSwMz58","https://leetcode.com/problems/binary-tree-maximum-path-sum/",""
"Binary Trees [Traversals, Medium and Hard Problems]","Medium Problems","129","Check if two trees are identical or not","No","No","Medium","https://takeuforward.org/data-structure/check-if-two-trees-are-identical/","https://takeuforward.org/plus/dsa/problems/check-if-two-trees-are-identical-or-not?source=strivers-a2z-dsa-track","https://takeuforward.org/plus/dsa/problems/check-if-two-trees-are-identical-or-not?tab=editorial&source=strivers-a2z-dsa-track","https://takeuforward.org/data-structure/check-if-two-trees-are-identical/","https://youtu.be/BhuvF_-PWS0","https://leetcode.com/problems/same-tree/",""
"Binary Trees [Traversals, Medium and Hard Problems]","Medium Problems","126","Zig Zag or Spiral Traversal","No","No","Medium","https://takeuforward.org/data-structure/zig-zag-traversal-of-binary-tree/","https://takeuforward.org/plus/dsa/problems/zig-zag-or-spiral-traversal?source=strivers-a2z-dsa-track","https://takeuforward.org/plus/dsa/problems/zig-zag-or-spiral-traversal?tab=editorial&source=strivers-a2z-dsa-track","https://takeuforward.org/data-structure/zig-zag-traversal-of-binary-tree/","https://youtu.be/3OXWEdlIGl4","https://leetcode.com/problems/binary-tree-zigzag-level-order-traversal/",""
"Binary Trees [Traversals, Medium and Hard Problems]","Medium Problems","116","Boundary Traversal","No","No","Medium","https://takeuforward.org/data-structure/boundary-traversal-of-a-binary-tree/","https://takeuforward.org/plus/dsa/problems/boundary-traversal?source=strivers-a2z-dsa-track","https://takeuforward.org/plus/dsa/problems/boundary-traversal?tab=editorial&source=strivers-a2z-dsa-track","https://takeuforward.org/data-structure/boundary-traversal-of-a-binary-tree/","https://youtu.be/0ca1nvR0be4","https://leetcode.com/problems/boundary-of-binary-tree/",""
"Binary Trees [Traversals, Medium and Hard Problems]","Medium Problems","125","Vertical Order Traversal","No","No","Medium","https://takeuforward.org/data-structure/vertical-order-traversal-of-binary-tree/","https://takeuforward.org/plus/dsa/problems/vertical-order-traversal?source=strivers-a2z-dsa-track","https://takeuforward.org/plus/dsa/problems/vertical-order-traversal?tab=editorial&source=strivers-a2z-dsa-track","https://takeuforward.org/data-structure/vertical-order-traversal-of-binary-tree/","https://youtu.be/q_a6lpbKJdw","https://leetcode.com/problems/vertical-order-traversal-of-a-binary-tree/",""
"Binary Trees [Traversals, Medium and Hard Problems]","Medium Problems","124","Top View of BT","No","No","Medium","https://takeuforward.org/data-structure/top-view-of-a-binary-tree/","https://takeuforward.org/plus/dsa/problems/top-view-of-bt?source=strivers-a2z-dsa-track","https://takeuforward.org/plus/dsa/problems/top-view-of-bt?tab=editorial&source=strivers-a2z-dsa-track","https://takeuforward.org/data-structure/top-view-of-a-binary-tree/","https://youtu.be/Et9OCDNvJ78","",""
"Binary Trees [Traversals, Medium and Hard Problems]","Medium Problems","115","Bottom view of BT","No","No","Medium","https://takeuforward.org/data-structure/bottom-view-of-a-binary-tree/","https://takeuforward.org/plus/dsa/problems/bottom-view-of-bt?source=strivers-a2z-dsa-track","https://takeuforward.org/plus/dsa/problems/bottom-view-of-bt?tab=editorial&source=strivers-a2z-dsa-track","https://takeuforward.org/data-structure/bottom-view-of-a-binary-tree/","https://youtu.be/0FtVY6I4pB8","",""
"Binary Trees [Traversals, Medium and Hard Problems]","Medium Problems","2782","Right/Left View of Binary Tree","No","No","Medium","https://takeuforward.org/data-structure/right-left-view-of-binary-tree/","https://takeuforward.org/plus/dsa/problems/right-left-view-of-bt?source=strivers-a2z-dsa-track","https://takeuforward.org/plus/dsa/problems/right-left-view-of-bt?tab=editorial&source=strivers-a2z-dsa-track","https://takeuforward.org/data-structure/right-left-view-of-binary-tree/","https://youtu.be/KV4mRzTjlAk","https://leetcode.com/problems/binary-tree-right-side-view/",""
"Binary Trees [Traversals, Medium and Hard Problems]","Medium Problems","2784","Symmetric Binary Tree","No","No","Medium","https://takeuforward.org/data-structure/check-for-symmetrical-binary-tree/","https://takeuforward.org/plus/dsa/problems/check-for-symmetrical-bts?source=strivers-a2z-dsa-track","https://takeuforward.org/plus/dsa/problems/check-for-symmetrical-bts?tab=editorial&source=strivers-a2z-dsa-track","https://takeuforward.org/data-structure/check-for-symmetrical-binary-tree/","https://youtu.be/nKggiEpBE","https://leetcode.com/problems/symmetric-tree/",""
"Binary Trees [Traversals, Medium and Hard Problems]","Hard Problems","122","Print root to leaf path in BT","No","No","Medium","https://takeuforward.org/data-structure/print-root-to-node-path-in-a-binary-tree/","https://takeuforward.org/plus/dsa/problems/print-root-to-note-path-in-bt?source=strivers-a2z-dsa-track","https://takeuforward.org/plus/dsa/problems/print-root-to-note-path-in-bt?tab=editorial&source=strivers-a2z-dsa-track","https://takeuforward.org/data-structure/print-root-to-node-path-in-a-binary-tree/","https://youtu.be/fmflMqVOC7k","",""
"Binary Trees [Traversals, Medium and Hard Problems]","Hard Problems","118","LCA in BT","No","No","Hard","https://takeuforward.org/data-structure/lowest-common-ancestor-for-two-given-nodes/","https://takeuforward.org/plus/dsa/problems/lca-in-bt?source=strivers-a2z-dsa-track","https://takeuforward.org/plus/dsa/problems/lca-in-bt?tab=editorial&source=strivers-a2z-dsa-track","https://takeuforward.org/data-structure/lowest-common-ancestor-for-two-given-nodes/","https://youtu.be/_-QHfMDde90","https://leetcode.com/problems/lowest-common-ancestor-of-a-binary-tree/",""
"Binary Trees [Traversals, Medium and Hard Problems]","Hard Problems","119","Maximum Width of BT","No","No","Medium","https://takeuforward.org/data-structure/maximum-width-of-a-binary-tree/","https://takeuforward.org/plus/dsa/problems/maximum-width-of-bt?source=strivers-a2z-dsa-track","https://takeuforward.org/plus/dsa/problems/maximum-width-of-bt?tab=editorial&source=strivers-a2z-dsa-track","https://takeuforward.org/data-structure/maximum-width-of-a-binary-tree/","https://youtu.be/ZbybYvcVLks","https://leetcode.com/problems/maximum-width-of-binary-tree/",""
"Binary Trees [Traversals, Medium and Hard Problems]","Hard Problems","185","Children Sum Property in Binary Tree","No","No","Medium","https://takeuforward.org/data-structure/check-for-children-sum-property-in-a-binary-tree/","https://takeuforward.org/plus/dsa/problems/children-sum-property-in-binary-tree?source=strivers-a2z-dsa-track","https://takeuforward.org/plus/dsa/problems/children-sum-property-in-binary-tree?tab=editorial&source=strivers-a2z-dsa-track","https://takeuforward.org/data-structure/check-for-children-sum-property-in-a-binary-tree/","https://youtu.be/fnmisPM6cVo","",""
"Binary Trees [Traversals, Medium and Hard Problems]","Hard Problems","121","Print all nodes at a distance of K in BT","No","No","Hard","https://takeuforward.org/data-structure/print-all-the-nodes-at-a-distance-of-k-in-a-binary-tree","https://takeuforward.org/plus/dsa/problems/print-all-nodes-at-a-distance-of-k-in-bt?source=strivers-a2z-dsa-track","https://takeuforward.org/plus/dsa/problems/print-all-nodes-at-a-distance-of-k-in-bt?tab=editorial&source=strivers-a2z-dsa-track","https://takeuforward.org/data-structure/print-all-the-nodes-at-a-distance-of-k-in-a-binary-tree","https://youtu.be/i9ORlEy6EsI","https://leetcode.com/problems/all-nodes-distance-k-in-binary-tree/",""
"Binary Trees [Traversals, Medium and Hard Problems]","Hard Problems","120","Minimum time taken to burn the BT from a given Node","No","No","Hard","https://takeuforward.org/data-structure/minimum-time-taken-to-burn-the-binary-tree-from-a-node","https://takeuforward.org/plus/dsa/problems/minimum-time-taken-to-burn-the-bt-from-a-given-node?source=strivers-a2z-dsa-track","https://takeuforward.org/plus/dsa/problems/minimum-time-taken-to-burn-the-bt-from-a-given-node?tab=editorial&source=strivers-a2z-dsa-track","https://takeuforward.org/data-structure/minimum-time-taken-to-burn-the-binary-tree-from-a-node","https://youtu.be/2r5wLmQfD6g","",""
"Binary Trees [Traversals, Medium and Hard Problems]","Hard Problems","117","Count total nodes in a complete BT","No","No","Easy","https://takeuforward.org/binary-tree/count-number-of-nodes-in-a-binary-tree/","https://takeuforward.org/plus/dsa/problems/count-total-nodes-in-a-complete-bt?source=strivers-a2z-dsa-track","https://takeuforward.org/plus/dsa/problems/count-total-nodes-in-a-complete-bt?tab=editorial&source=strivers-a2z-dsa-track","https://takeuforward.org/binary-tree/count-number-of-nodes-in-a-binary-tree/","https://youtu.be/u-yWemKGWO0","https://leetcode.com/problems/count-complete-tree-nodes/",""
"Binary Trees [Traversals, Medium and Hard Problems]","Hard Problems","111","Requirements needed to construct a unique BT","No","No","Medium","","https://takeuforward.org/plus/dsa/problems/requirements-needed-to-construct-a-unique-bt?source=strivers-a2z-dsa-track","https://takeuforward.org/plus/dsa/problems/requirements-needed-to-construct-a-unique-bt?tab=editorial&source=strivers-a2z-dsa-track","","https://youtu.be/9GMECGQgWrQ","",""
"Binary Trees [Traversals, Medium and Hard Problems]","Hard Problems","110","Construct a BT from Preorder and Inorder","No","No","Hard","https://takeuforward.org/data-structure/construct-a-binary-tree-from-inorder-and-preorder-traversal/","https://takeuforward.org/plus/dsa/problems/construct-a-bt-from-preorder-and-inorder?source=strivers-a2z-dsa-track","https://takeuforward.org/plus/dsa/problems/construct-a-bt-from-preorder-and-inorder?tab=editorial&source=strivers-a2z-dsa-track","https://takeuforward.org/data-structure/construct-a-binary-tree-from-inorder-and-preorder-traversal/","https://youtu.be/aZNaLrVebKQ","https://leetcode.com/problems/construct-binary-tree-from-preorder-and-inorder-traversal/",""
"Binary Trees [Traversals, Medium and Hard Problems]","Hard Problems","2781","Construct the Binary Tree from Postorder and Inorder Traversal","No","No","Hard","https://takeuforward.org/data-structure/construct-binary-tree-from-inorder-and-postorder-traversal/","https://takeuforward.org/plus/dsa/problems/construct-a-bt-from-postorder-and-inorder?source=strivers-a2z-dsa-track","https://takeuforward.org/plus/dsa/problems/construct-a-bt-from-postorder-and-inorder?tab=editorial&source=strivers-a2z-dsa-track","https://takeuforward.org/data-structure/construct-binary-tree-from-inorder-and-postorder-traversal/","https://youtu.be/LgLRTaEMRVc","https://leetcode.com/problems/construct-binary-tree-from-inorder-and-postorder-traversal/",""
"Binary Trees [Traversals, Medium and Hard Problems]","Hard Problems","112","Serialize and De-serialize BT","No","No","Hard","https://takeuforward.org/data-structure/serialize-and-deserialize-a-binary-tree/","https://takeuforward.org/plus/dsa/problems/serialize-and-de-serialize-bt?source=strivers-a2z-dsa-track","https://takeuforward.org/plus/dsa/problems/serialize-and-de-serialize-bt?tab=editorial&source=strivers-a2z-dsa-track","https://takeuforward.org/data-structure/serialize-and-deserialize-a-binary-tree/","https://youtu.be/-YbXySKJsX8","https://leetcode.com/problems/serialize-and-deserialize-binary-tree/",""
"Binary Trees [Traversals, Medium and Hard Problems]","Hard Problems","2791","Morris Preorder Traversal of a Binary Tree","No","No","Hard","https://takeuforward.org/data-structure/morris-preorder-traversal-of-a-binary-tree/","https://takeuforward.org/plus/dsa/problems/morris-preorder-traversal-?source=strivers-a2z-dsa-track","https://takeuforward.org/plus/dsa/problems/morris-preorder-traversal-?tab=editorial&source=strivers-a2z-dsa-track","https://takeuforward.org/data-structure/morris-preorder-traversal-of-a-binary-tree/","https://youtu.be/80Zug6D1_r4","https://leetcode.com/problems/binary-tree-inorder-traversal/",""
"Binary Trees [Traversals, Medium and Hard Problems]","Hard Problems","2792","Morris Inorder Traversal of a Binary Tree","No","No","Hard","https://takeuforward.org/data-structure/morris-inorder-traversal-of-a-binary-tree/","https://takeuforward.org/plus/dsa/problems/morris-inorder-traversal-?source=strivers-a2z-dsa-track","https://takeuforward.org/plus/dsa/problems/morris-inorder-traversal-?tab=editorial&source=strivers-a2z-dsa-track","https://takeuforward.org/data-structure/morris-inorder-traversal-of-a-binary-tree/","https://youtu.be/80Zug6D1_r4","https://leetcode.com/problems/binary-tree-inorder-traversal/",""
"Binary Trees [Traversals, Medium and Hard Problems]","Hard Problems","486","Flatten Binary Tree to Linked List","No","No","Medium","https://takeuforward.org/data-structure/flatten-binary-tree-to-linked-list/","https://takeuforward.org/plus/dsa/problems/flatten-binary-tree-to-linked-list?source=strivers-a2z-dsa-track","https://takeuforward.org/plus/dsa/problems/flatten-binary-tree-to-linked-list?tab=editorial&source=strivers-a2z-dsa-track","https://takeuforward.org/data-structure/flatten-binary-tree-to-linked-list/","https://youtu.be/sWf7k1x9XR4","https://leetcode.com/problems/flatten-binary-tree-to-linked-list/",""
"Binary Search Trees [Concept and Problems]","Concepts","1153","Introduction to BST","No","No","Easy","https://takeuforward.org/binary-search-tree/introduction-to-binary-search-trees/","https://takeuforward.org/plus/dsa/problems/introduction-to-bst?source=strivers-a2z-dsa-track","https://takeuforward.org/plus/dsa/problems/introduction-to-bst?source=strivers-a2z-dsa-track","https://takeuforward.org/binary-search-tree/introduction-to-binary-search-trees/","https://youtu.be/p7-9UvDQZ3w","",""
"Binary Search Trees [Concept and Problems]","Concepts","2780","Search in a Binary Search Tree","No","No","Easy","https://takeuforward.org/data-structure/search-in-a-binary-search-tree-2/","https://takeuforward.org/plus/dsa/problems/search-in-bst?source=strivers-a2z-dsa-track","https://takeuforward.org/plus/dsa/problems/search-in-bst?tab=editorial&source=strivers-a2z-dsa-track","https://takeuforward.org/data-structure/search-in-a-binary-search-tree-2/","https://youtu.be/KcNt6v_56cc","https://leetcode.com/problems/search-in-a-binary-search-tree/",""
"Binary Search Trees [Concept and Problems]","Concepts","2398","Find Min/Max in BST","No","No","Easy","https://takeuforward.org/data-structure/find-minmax-in-a-bst","","","https://takeuforward.org/data-structure/find-minmax-in-a-bst","","",""
"Binary Search Trees [Concept and Problems]","Practice Problems","107","Floor and Ceil in a BST","No","No","Easy","","https://takeuforward.org/plus/dsa/problems/floor-and-ceil-in-a-bst?source=strivers-a2z-dsa-track","https://takeuforward.org/plus/dsa/problems/floor-and-ceil-in-a-bst?tab=editorial&source=strivers-a2z-dsa-track","","https://www.youtube.com/watch?v=xm_W1ub-K-w&list=PLgUwDviBIf0q8Hkd7bK2Bpryj2xVJk8Vk&index=43","",""
"Binary Search Trees [Concept and Problems]","Practice Problems","2778","Floor in a Binary Search Tree","No","No","Easy","https://takeuforward.org/binary-search-tree/floor-in-a-binary-search-tree/","https://takeuforward.org/plus/dsa/problems/floor-and-ceil-in-a-bst?source=strivers-a2z-dsa-track","https://takeuforward.org/plus/dsa/problems/floor-and-ceil-in-a-bst?tab=editorial&source=strivers-a2z-dsa-track","https://takeuforward.org/binary-search-tree/floor-in-a-binary-search-tree/","https://youtu.be/xm_W1ub-K-w","",""
"Binary Search Trees [Concept and Problems]","Practice Problems","104","Insert a given node in BST","No","No","Medium","","https://takeuforward.org/plus/dsa/problems/insert-a-given-node-in-bst?source=strivers-a2z-dsa-track","https://takeuforward.org/plus/dsa/problems/insert-a-given-node-in-bst?tab=editorial&source=strivers-a2z-dsa-track","","https://youtu.be/FiFiNvM29ps","https://leetcode.com/problems/insert-into-a-binary-search-tree/",""
"Binary Search Trees [Concept and Problems]","Practice Problems","102","Delete a node in BST","No","No","Medium","","https://takeuforward.org/plus/dsa/problems/delete-a-node-in-bst?source=strivers-a2z-dsa-track","https://takeuforward.org/plus/dsa/problems/delete-a-node-in-bst?tab=editorial&source=strivers-a2z-dsa-track","","https://youtu.be/kouxiP_H5WE","https://leetcode.com/problems/delete-node-in-a-bst/",""
"Binary Search Trees [Concept and Problems]","Practice Problems","105","Kth Smallest and Largest element in BST","No","No","Medium","https://takeuforward.org/data-structure/kth-largest-smallest-element-in-binary-search-tree/","https://takeuforward.org/plus/dsa/problems/kth-smallest-and-largest-element-in-bst?source=strivers-a2z-dsa-track","https://takeuforward.org/plus/dsa/problems/kth-smallest-and-largest-element-in-bst?tab=editorial&source=strivers-a2z-dsa-track","https://takeuforward.org/data-structure/kth-largest-smallest-element-in-binary-search-tree/","https://youtu.be/9TJYWh0adfk","https://leetcode.com/problems/kth-smallest-element-in-a-bst/",""
"Binary Search Trees [Concept and Problems]","Practice Problems","100","Check if a tree is a BST or not","No","No","Medium","","https://takeuforward.org/plus/dsa/problems/check-if-a-tree-is-a-bst-or-not?source=strivers-a2z-dsa-track","https://takeuforward.org/plus/dsa/problems/check-if-a-tree-is-a-bst-or-not?tab=editorial&source=strivers-a2z-dsa-track","","https://youtu.be/f-sj7I5oXEI","https://leetcode.com/problems/validate-binary-search-tree/",""
"Binary Search Trees [Concept and Problems]","Practice Problems","106","LCA in BST","No","No","Medium","","https://takeuforward.org/plus/dsa/problems/lca-in-bst?source=strivers-a2z-dsa-track","https://takeuforward.org/plus/dsa/problems/lca-in-bst?tab=editorial&source=strivers-a2z-dsa-track","","https://youtu.be/cX_kPV_foZc","https://leetcode.com/problems/lowest-common-ancestor-of-a-binary-search-tree/",""
"Binary Search Trees [Concept and Problems]","Practice Problems","101","Construct a BST from a preorder traversal","No","No","Medium","","https://takeuforward.org/plus/dsa/problems/construct-a-bst-from-a-preorder-traversal?source=strivers-a2z-dsa-track","https://takeuforward.org/plus/dsa/problems/construct-a-bst-from-a-preorder-traversal?tab=editorial&source=strivers-a2z-dsa-track","","https://youtu.be/UmJT3j26t1I","https://leetcode.com/problems/construct-binary-search-tree-from-preorder-traversal/",""
"Binary Search Trees [Concept and Problems]","Practice Problems","2775","Inorder Successor/Predecessor in BST","No","No","Medium","https://takeuforward.org/data-structure/inorder-successorpredecessor-in-bst","https://takeuforward.org/plus/dsa/problems/inorder-successor-and-predecessor-in-bst?source=strivers-a2z-dsa-track","https://takeuforward.org/plus/dsa/problems/inorder-successor-and-predecessor-in-bst?tab=editorial&source=strivers-a2z-dsa-track","https://takeuforward.org/data-structure/inorder-successorpredecessor-in-bst","https://youtu.be/SXKAD2svfmI","https://leetcode.com/problems/inorder-successor-in-bst/",""
"Binary Search Trees [Concept and Problems]","Practice Problems","2772","Merge 2 BST's","No","No","Hard","https://takeuforward.org/data-structure/bst-iterator","https://takeuforward.org/plus/dsa/problems/bst-iterator?source=strivers-a2z-dsa-track","https://takeuforward.org/plus/dsa/problems/bst-iterator?tab=editorial&source=strivers-a2z-dsa-track","https://takeuforward.org/data-structure/bst-iterator","https://youtu.be/D2jMcmxU4bs","https://leetcode.com/problems/binary-search-tree-iterator/",""
"Binary Search Trees [Concept and Problems]","Practice Problems","2774","Two Sum In BST | Check if there exists a pair with Sum K","No","No","Hard","https://takeuforward.org/data-structure/two-sum-in-bst-check-if-there-exists-a-pair-with-sum-k","https://takeuforward.org/plus/dsa/problems/two-sum-in-bst?source=strivers-a2z-dsa-track","https://takeuforward.org/plus/dsa/problems/two-sum-in-bst?tab=editorial&source=strivers-a2z-dsa-track","https://takeuforward.org/data-structure/two-sum-in-bst-check-if-there-exists-a-pair-with-sum-k","https://youtu.be/ssL3sHwPeb4","https://leetcode.com/problems/two-sum-iv-input-is-a-bst/",""
"Binary Search Trees [Concept and Problems]","Practice Problems","97","Correct BST with two nodes swapped","No","No","Hard","","https://takeuforward.org/plus/dsa/problems/correct-bst-with-two-nodes-swapped?source=strivers-a2z-dsa-track","https://takeuforward.org/plus/dsa/problems/correct-bst-with-two-nodes-swapped?tab=editorial&source=strivers-a2z-dsa-track","","https://youtu.be/ZWGW7FminDM","https://leetcode.com/problems/recover-binary-search-tree/",""
"Binary Search Trees [Concept and Problems]","Practice Problems","98","Largest BST in Binary Tree","No","No","Hard","","https://takeuforward.org/plus/dsa/problems/largest-bst-in-binary-tree?source=strivers-a2z-dsa-track","https://takeuforward.org/plus/dsa/problems/largest-bst-in-binary-tree?tab=editorial&source=strivers-a2z-dsa-track","","https://youtu.be/X0oXMdtUDwo","https://leetcode.com/problems/maximum-sum-bst-in-binary-tree/",""
"Graphs [Concepts & Problems]","Learning","1222","Introduction to Graph","No","No","Easy","https://takeuforward.org/data-structure/graph-representation-in-java","https://takeuforward.org/plus/dsa/problems/introduction-to-graph?source=strivers-a2z-dsa-track","https://takeuforward.org/plus/dsa/problems/introduction-to-graph?tab=editorial&source=strivers-a2z-dsa-track","https://takeuforward.org/data-structure/graph-representation-in-java","https://youtu.be/3oI-34aPMWM","",""
"Graphs [Concepts & Problems]","Learning","2870","Graph Representation | C++","No","No","Easy","https://takeuforward.org/graph/graph-representation-in-c/","https://takeuforward.org/plus/dsa/problems/introduction-to-graph?source=strivers-a2z-dsa-track","https://takeuforward.org/plus/dsa/problems/introduction-to-graph?tab=editorial&source=strivers-a2z-dsa-track","https://takeuforward.org/graph/graph-representation-in-c/","https://youtu.be/3oI-34aPMWM","",""
"Graphs [Concepts & Problems]","Learning","2871","Graph Representation | Java","No","No","Easy","https://takeuforward.org/data-structure/graph-representation-in-java","https://takeuforward.org/plus/dsa/problems/introduction-to-graph?source=strivers-a2z-dsa-track","https://takeuforward.org/plus/dsa/problems/introduction-to-graph?tab=editorial&source=strivers-a2z-dsa-track","https://takeuforward.org/data-structure/graph-representation-in-java","https://youtu.be/3oI-34aPMWM","",""
"Graphs [Concepts & Problems]","Learning","528","Connected Components","No","No","Medium","https://takeuforward.org/data-structure/connected-components","https://takeuforward.org/plus/dsa/problems/connected-components?source=strivers-a2z-dsa-track","https://takeuforward.org/plus/dsa/problems/connected-components?tab=editorial&source=strivers-a2z-dsa-track","https://takeuforward.org/data-structure/connected-components","","",""
"Graphs [Concepts & Problems]","Learning","529","Traversal Techniques","No","No","Medium","https://takeuforward.org/data-structure/depth-first-search-dfs/","https://takeuforward.org/plus/dsa/problems/traversal-techniques?source=strivers-a2z-dsa-track","https://takeuforward.org/plus/dsa/problems/traversal-techniques?tab=editorial&source=strivers-a2z-dsa-track","https://takeuforward.org/data-structure/depth-first-search-dfs/","https://youtu.be/Qzf1a--rhp8","",""
"Graphs [Concepts & Problems]","Learning","2831","DFS","No","No","Medium","https://takeuforward.org/data-structure/depth-first-search-dfs/","https://takeuforward.org/plus/dsa/problems/traversal-techniques?source=strivers-a2z-dsa-track","https://takeuforward.org/plus/dsa/problems/traversal-techniques?tab=editorial&source=strivers-a2z-dsa-track","https://takeuforward.org/data-structure/depth-first-search-dfs/","https://youtu.be/Qzf1a--rhp8","",""
"Graphs [Concepts & Problems]","Problems on BFS/DFS","535","Number of provinces","No","No","Medium","https://takeuforward.org/data-structure/number-of-provinces/","https://takeuforward.org/plus/dsa/problems/number-of-provinces?source=strivers-a2z-dsa-track","https://takeuforward.org/plus/dsa/problems/number-of-provinces?tab=editorial&source=strivers-a2z-dsa-track","https://takeuforward.org/data-structure/number-of-provinces/","https://youtu.be/ACzkVtewUYA","https://leetcode.com/problems/number-of-provinces/#:~:text=A%20province%20is%20a%20group,the%20total%20number%20of%20provinces.",""
"Graphs [Concepts & Problems]","Problems on BFS/DFS","2830","Connected Components Problem in Matrix","No","No","Medium","https://takeuforward.org/data-structure/connected-components","https://takeuforward.org/plus/dsa/problems/connected-components?source=strivers-a2z-dsa-track","https://takeuforward.org/plus/dsa/problems/connected-components?tab=editorial&source=strivers-a2z-dsa-track","https://takeuforward.org/data-structure/connected-components","","",""
"Graphs [Concepts & Problems]","Problems on BFS/DFS","536","Rotten Oranges","No","No","Medium","https://takeuforward.org/data-structure/rotten-oranges-min-time-to-rot-all-oranges-bfs/","https://takeuforward.org/plus/dsa/problems/rotten-oranges?source=strivers-a2z-dsa-track","https://takeuforward.org/plus/dsa/problems/rotten-oranges?tab=editorial&source=strivers-a2z-dsa-track","https://takeuforward.org/data-structure/rotten-oranges-min-time-to-rot-all-oranges-bfs/","https://www.youtube.com/watch?v=yf3oUhkvqA0","https://leetcode.com/problems/rotting-oranges/",""
"Graphs [Concepts & Problems]","Problems on BFS/DFS","531","Flood fill algorithm","No","No","Medium","","https://takeuforward.org/plus/dsa/problems/flood-fill-algorithm?source=strivers-a2z-dsa-track","https://takeuforward.org/plus/dsa/problems/flood-fill-algorithm?tab=editorial&source=strivers-a2z-dsa-track","","","https://leetcode.com/problems/flood-fill/",""
"Graphs [Concepts & Problems]","Problems on BFS/DFS","2817","Cycle Detection in Undirected Graph (bfs)","No","No","Hard","https://takeuforward.org/data-structure/detect-cycle-in-an-undirected-graph-using-bfs/","https://takeuforward.org/plus/dsa/problems/detect-a-cycle-in-an-undirected-graph?source=strivers-a2z-dsa-track","https://takeuforward.org/plus/dsa/problems/detect-a-cycle-in-an-undirected-graph?tab=editorial&source=strivers-a2z-dsa-track","https://takeuforward.org/data-structure/detect-cycle-in-an-undirected-graph-using-bfs/","https://youtu.be/BPlrALf1LDU","",""
"Graphs [Concepts & Problems]","Problems on BFS/DFS","501","Detect a cycle in an undirected graph","No","No","Hard","https://takeuforward.org/data-structure/detect-cycle-in-an-undirected-graph-using-dfs/","https://takeuforward.org/plus/dsa/problems/detect-a-cycle-in-an-undirected-graph?source=strivers-a2z-dsa-track","https://takeuforward.org/plus/dsa/problems/detect-a-cycle-in-an-undirected-graph?tab=editorial&source=strivers-a2z-dsa-track","https://takeuforward.org/data-structure/detect-cycle-in-an-undirected-graph-using-dfs/","https://youtu.be/zQ3zgFypzX4","https://leetcode.com/problems/course-schedule/",""
"Graphs [Concepts & Problems]","Problems on BFS/DFS","530","Distance of nearest cell having one","No","No","Medium","https://takeuforward.org/graph/distance-of-nearest-cell-having-1/","https://takeuforward.org/plus/dsa/problems/distance-of-nearest-cell-having-one?source=strivers-a2z-dsa-track","https://takeuforward.org/plus/dsa/problems/distance-of-nearest-cell-having-one?tab=editorial&source=strivers-a2z-dsa-track","https://takeuforward.org/graph/distance-of-nearest-cell-having-1/","https://youtu.be/edXdVwkYHF8","https://leetcode.com/problems/01-matrix/",""
"Graphs [Concepts & Problems]","Problems on BFS/DFS","537","Surrounded Regions","No","No","Medium","https://takeuforward.org/graph/surrounded-regions-replace-os-with-xs/","https://takeuforward.org/plus/dsa/problems/surrounded-regions?source=strivers-a2z-dsa-track","https://takeuforward.org/plus/dsa/problems/surrounded-regions?tab=editorial&source=strivers-a2z-dsa-track","https://takeuforward.org/graph/surrounded-regions-replace-os-with-xs/","https://youtu.be/BtdgAys4yMk","https://leetcode.com/problems/surrounded-regions/",""
"Graphs [Concepts & Problems]","Problems on BFS/DFS","533","Number of enclaves","No","No","Medium","https://takeuforward.org/graph/number-of-enclaves/","https://takeuforward.org/plus/dsa/problems/number-of-enclaves?source=strivers-a2z-dsa-track","https://takeuforward.org/plus/dsa/problems/number-of-enclaves?tab=editorial&source=strivers-a2z-dsa-track","https://takeuforward.org/graph/number-of-enclaves/","https://youtu.be/rxKcepXQgU4","https://leetcode.com/problems/number-of-enclaves/",""
"Graphs [Concepts & Problems]","Problems on BFS/DFS","509","Word ladder I","No","No","Hard","https://takeuforward.org/graph/word-ladder-i-g-29/","https://takeuforward.org/plus/dsa/problems/word-ladder-i?source=strivers-a2z-dsa-track","https://takeuforward.org/plus/dsa/problems/word-ladder-i?tab=editorial&source=strivers-a2z-dsa-track","https://takeuforward.org/graph/word-ladder-i-g-29/","https://youtu.be/tRPda0rcf8E","https://leetcode.com/problems/word-ladder/",""
"Graphs [Concepts & Problems]","Problems on BFS/DFS","510","Word ladder II","No","No","Hard","https://takeuforward.org/graph/g-30-word-ladder-ii/","https://takeuforward.org/plus/dsa/problems/word-ladder-ii?source=strivers-a2z-dsa-track","https://takeuforward.org/plus/dsa/problems/word-ladder-ii?tab=editorial&source=strivers-a2z-dsa-track","https://takeuforward.org/graph/g-30-word-ladder-ii/","https://youtu.be/AD4SFl7tu7I?si=EpcJQTWm2YeURvEG","https://leetcode.com/problems/word-ladder-ii/",""
"Graphs [Concepts & Problems]","Problems on BFS/DFS","534","Number of islands","No","No","Medium","https://takeuforward.org/data-structure/number-of-distinct-islands/","https://takeuforward.org/plus/dsa/problems/number-of-islands?source=strivers-a2z-dsa-track","https://takeuforward.org/plus/dsa/problems/number-of-islands?tab=editorial&source=strivers-a2z-dsa-track","https://takeuforward.org/data-structure/number-of-distinct-islands/","https://www.youtube.com/watch?v=muncqlKJrH0&list=PLgUwDviBIf0oE3gA41TKO2H5bHpPd7fzn&index=8","https://leetcode.com/problems/number-of-islands/",""
"Graphs [Concepts & Problems]","Problems on BFS/DFS","2813","Bipartite Graph (DFS)","No","No","Hard","https://takeuforward.org/graph/bipartite-graph-dfs-implementation/","https://takeuforward.org/plus/dsa/problems/bipartite-graph?source=strivers-a2z-dsa-track","https://takeuforward.org/plus/dsa/problems/bipartite-graph?tab=editorial&source=strivers-a2z-dsa-track","https://takeuforward.org/graph/bipartite-graph-dfs-implementation/","https://youtu.be/KG5YFfR0j8A","https://leetcode.com/problems/is-graph-bipartite/",""
"Graphs [Concepts & Problems]","Problems on BFS/DFS","2814","Cycle Detection in Directed Graph (DFS)","No","No","Hard","https://takeuforward.org/data-structure/detect-cycle-in-a-directed-graph-using-dfs-g-19/","https://takeuforward.org/plus/dsa/problems/detect-a-cycle-in-a-directed-graph?source=strivers-a2z-dsa-track","https://takeuforward.org/plus/dsa/problems/detect-a-cycle-in-a-directed-graph?tab=editorial&source=strivers-a2z-dsa-track","https://takeuforward.org/data-structure/detect-cycle-in-a-directed-graph-using-dfs-g-19/","https://youtu.be/9twcmtQj4DU","https://leetcode.com/problems/course-schedule-ii/discuss/293048/detecting-cycle-in-directed-graph-problem",""
"Graphs [Concepts & Problems]","Topo Sort and Problems","2822","Topo Sort","No","No","Hard","https://takeuforward.org/data-structure/topological-sort-algorithm-dfs-g-21/","https://takeuforward.org/plus/dsa/problems/topological-sort-or-kahns-algorithm?source=strivers-a2z-dsa-track","https://takeuforward.org/plus/dsa/problems/topological-sort-or-kahns-algorithm?tab=editorial&source=strivers-a2z-dsa-track","https://takeuforward.org/data-structure/topological-sort-algorithm-dfs-g-21/","https://youtu.be/5lZ0iJMrUMk","",""
"Graphs [Concepts & Problems]","Topo Sort and Problems","502","Topological sort or Kahn's algorithm","No","No","Hard","https://takeuforward.org/data-structure/topological-sort-algorithm-dfs-g-21/","https://takeuforward.org/plus/dsa/problems/topological-sort-or-kahns-algorithm?source=strivers-a2z-dsa-track","https://takeuforward.org/plus/dsa/problems/topological-sort-or-kahns-algorithm?tab=editorial&source=strivers-a2z-dsa-track","https://takeuforward.org/data-structure/topological-sort-algorithm-dfs-g-21/","https://youtu.be/5lZ0iJMrUMk","",""
"Graphs [Concepts & Problems]","Topo Sort and Problems","500","Detect a cycle in a directed graph","No","No","Hard","https://takeuforward.org/data-structure/detect-a-cycle-in-directed-graph-topological-sort-kahns-algorithm-g-23/","https://takeuforward.org/plus/dsa/problems/detect-a-cycle-in-a-directed-graph?source=strivers-a2z-dsa-track","https://takeuforward.org/plus/dsa/problems/detect-a-cycle-in-a-directed-graph?tab=editorial&source=strivers-a2z-dsa-track","https://takeuforward.org/data-structure/detect-a-cycle-in-directed-graph-topological-sort-kahns-algorithm-g-23/","https://www.youtube.com/watch?v=uzVUw90ZFIg&list=PLgUwDviBIf0rGEWe64KWas0Nryn7SCRWw&index=12","https://leetcode.com/problems/course-schedule/",""
"Graphs [Concepts & Problems]","Topo Sort and Problems","504","Course Schedule I","No","No","Hard","https://takeuforward.org/data-structure/course-schedule-i-and-ii-pre-requisite-tasks-topological-sort-g-24/","https://takeuforward.org/plus/dsa/problems/course-schedule-i?source=strivers-a2z-dsa-track","https://takeuforward.org/plus/dsa/problems/course-schedule-i?tab=editorial&source=strivers-a2z-dsa-track","https://takeuforward.org/data-structure/course-schedule-i-and-ii-pre-requisite-tasks-topological-sort-g-24/","https://youtu.be/WAOfKpxYHR8","https://leetcode.com/problems/course-schedule/",""
"Graphs [Concepts & Problems]","Topo Sort and Problems","505","Course Schedule II","No","No","Medium","https://takeuforward.org/data-structure/course-schedule-i-and-ii-pre-requisite-tasks-topological-sort-g-24/","https://takeuforward.org/plus/dsa/problems/course-schedule-ii?source=strivers-a2z-dsa-track","https://takeuforward.org/plus/dsa/problems/course-schedule-ii?tab=editorial&source=strivers-a2z-dsa-track","https://takeuforward.org/data-structure/course-schedule-i-and-ii-pre-requisite-tasks-topological-sort-g-24/","https://youtu.be/WAOfKpxYHR8","https://leetcode.com/problems/course-schedule-ii/",""
"Graphs [Concepts & Problems]","Topo Sort and Problems","506","Find eventual safe states","No","No","Hard","https://takeuforward.org/data-structure/find-eventual-safe-states-bfs-topological-sort-g-25/","https://takeuforward.org/plus/dsa/problems/find-eventual-safe-states?source=strivers-a2z-dsa-track","https://takeuforward.org/plus/dsa/problems/find-eventual-safe-states?tab=editorial&source=strivers-a2z-dsa-track","https://takeuforward.org/data-structure/find-eventual-safe-states-bfs-topological-sort-g-25/","https://youtu.be/2gtg3VsDGyc","https://leetcode.com/problems/find-eventual-safe-states/",""
"Graphs [Concepts & Problems]","Topo Sort and Problems","503","Alien Dictionary","No","No","Hard","https://takeuforward.org/data-structure/alien-dictionary-topological-sort-g-26/","https://takeuforward.org/plus/dsa/problems/alient-dictionary?source=strivers-a2z-dsa-track","https://takeuforward.org/plus/dsa/problems/alient-dictionary?tab=editorial&source=strivers-a2z-dsa-track","https://takeuforward.org/data-structure/alien-dictionary-topological-sort-g-26/","https://youtu.be/U3N_je7tWAs","https://leetcode.com/problems/alien-dictionary/solution/",""
"Graphs [Concepts & Problems]","Shortest Path Algorithms and Problems","508","Shortest path in undirected graph with unit weights","No","No","Hard","https://takeuforward.org/data-structure/shortest-path-in-undirected-graph-with-unit-distance-g-28/","https://takeuforward.org/plus/dsa/problems/shortest-path-in-undirected-graph-with-unit-weights?source=strivers-a2z-dsa-track","https://takeuforward.org/plus/dsa/problems/shortest-path-in-undirected-graph-with-unit-weights?tab=editorial&source=strivers-a2z-dsa-track","https://takeuforward.org/data-structure/shortest-path-in-undirected-graph-with-unit-distance-g-28/","https://www.youtube.com/watch?v=C4gxoTaI71U&list=PLgUwDviBIf0oE3gA41TKO2H5bHpPd7fzn&index=28","",""
"Graphs [Concepts & Problems]","Shortest Path Algorithms and Problems","507","Shortest path in DAG","No","No","Hard","https://takeuforward.org/data-structure/shortest-path-in-directed-acyclic-graph-topological-sort-g-27/","https://takeuforward.org/plus/dsa/problems/shortest-path-in-dag?source=strivers-a2z-dsa-track","https://takeuforward.org/plus/dsa/problems/shortest-path-in-dag?tab=editorial&source=strivers-a2z-dsa-track","https://takeuforward.org/data-structure/shortest-path-in-directed-acyclic-graph-topological-sort-g-27/","https://www.youtube.com/watch?v=ZUFQfFaU-8U&list=PLgUwDviBIf0oE3gA41TKO2H5bHpPd7fzn&index=27","",""
"Graphs [Concepts & Problems]","Shortest Path Algorithms and Problems","2827","Djisktra's Algorithm","No","No","Hard","https://takeuforward.org/data-structure/dijkstras-algorithm-using-set-g-33/","https://takeuforward.org/plus/dsa/problems/dijkstra's-algorithm?source=strivers-a2z-dsa-track","https://takeuforward.org/plus/dsa/problems/dijkstra's-algorithm?tab=editorial&source=strivers-a2z-dsa-track","https://takeuforward.org/data-structure/dijkstras-algorithm-using-set-g-33/","https://www.youtube.com/watch?v=rp1SMw7HSO8&list=PLgUwDviBIf0oE3gA41TKO2H5bHpPd7fzn&index=35","",""
"Graphs [Concepts & Problems]","Shortest Path Algorithms and Problems","2828","Why priority Queue is used in Djisktra's Algorithm","No","No","Hard","https://takeuforward.org/data-structure/dijkstras-algorithm-using-priority-queue-g-32/","https://takeuforward.org/plus/dsa/problems/dijkstra's-algorithm?source=strivers-a2z-dsa-track","https://takeuforward.org/plus/dsa/problems/dijkstra's-algorithm?tab=editorial&source=strivers-a2z-dsa-track","https://takeuforward.org/data-structure/dijkstras-algorithm-using-priority-queue-g-32/","https://www.youtube.com/watch?v=rp1SMw7HSO8&list=PLgUwDviBIf0oE3gA41TKO2H5bHpPd7fzn&index=35","",""
"Graphs [Concepts & Problems]","Shortest Path Algorithms and Problems","527","Shortest Distance in a Binary Maze","No","No","Hard","https://takeuforward.org/data-structure/g-36-shortest-distance-in-a-binary-maze/","https://takeuforward.org/plus/dsa/problems/shortest-path-with-minimum-effort?source=strivers-a2z-dsa-track","https://takeuforward.org/plus/dsa/problems/shortest-path-with-minimum-effort?tab=editorial&source=strivers-a2z-dsa-track","https://takeuforward.org/data-structure/g-36-shortest-distance-in-a-binary-maze/","https://www.youtube.com/watch?v=U5Mw4eyUmw4&list=PLgUwDviBIf0oE3gA41TKO2H5bHpPd7fzn&index=36","https://leetcode.com/problems/shortest-path-in-binary-matrix/",""
"Graphs [Concepts & Problems]","Shortest Path Algorithms and Problems","525","Path with minimum effort","No","No","Hard","https://takeuforward.org/data-structure/g-37-path-with-minimum-effort/","https://takeuforward.org/plus/dsa/problems/path-with-minimum-effort?source=strivers-a2z-dsa-track","https://takeuforward.org/plus/dsa/problems/path-with-minimum-effort?tab=editorial&source=strivers-a2z-dsa-track","https://takeuforward.org/data-structure/g-37-path-with-minimum-effort/","https://youtu.be/0ytpZyiZFhA","https://leetcode.com/problems/path-with-minimum-effort/",""
"Graphs [Concepts & Problems]","Shortest Path Algorithms and Problems","519","Cheapest flight within K stops","No","No","Hard","https://takeuforward.org/data-structure/g-38-cheapest-flights-within-k-stops/","https://takeuforward.org/plus/dsa/problems/cheapest-flight-within-k-stops?source=strivers-a2z-dsa-track","https://takeuforward.org/plus/dsa/problems/cheapest-flight-within-k-stops?tab=editorial&source=strivers-a2z-dsa-track","https://takeuforward.org/data-structure/g-38-cheapest-flights-within-k-stops/","https://youtu.be/9XybHVqTHcQ","https://leetcode.com/problems/cheapest-flights-within-k-stops/",""
"Graphs [Concepts & Problems]","Shortest Path Algorithms and Problems","764","Network Delay Time","No","No","Medium","https://takeuforward.org/data-structure/network-delay-time","https://takeuforward.org/plus/dsa/problems/network-delay-time?source=strivers-a2z-dsa-track","https://takeuforward.org/plus/dsa/problems/network-delay-time?tab=editorial&source=strivers-a2z-dsa-track","https://takeuforward.org/data-structure/network-delay-time","","https://leetcode.com/problems/network-delay-time/",""
"Graphs [Concepts & Problems]","Shortest Path Algorithms and Problems","524","Number of ways to arrive at destination","No","No","Hard","https://takeuforward.org/data-structure/g-40-number-of-ways-to-arrive-at-destination/","https://takeuforward.org/plus/dsa/problems/number-of-ways-to-arrive-at-destination?source=strivers-a2z-dsa-track","https://takeuforward.org/plus/dsa/problems/number-of-ways-to-arrive-at-destination?tab=editorial&source=strivers-a2z-dsa-track","https://takeuforward.org/data-structure/g-40-number-of-ways-to-arrive-at-destination/","https://youtu.be/_-0mx0SmYxA","https://leetcode.com/problems/number-of-ways-to-arrive-at-destination/",""
"Graphs [Concepts & Problems]","Shortest Path Algorithms and Problems","523","Minimum multiplications to reach end","No","No","Hard","https://takeuforward.org/graph/g-39-minimum-multiplications-to-reach-end/","https://takeuforward.org/plus/dsa/problems/minimum-multiplications-to-reach-end?source=strivers-a2z-dsa-track","https://takeuforward.org/plus/dsa/problems/minimum-multiplications-to-reach-end?tab=editorial&source=strivers-a2z-dsa-track","https://takeuforward.org/graph/g-39-minimum-multiplications-to-reach-end/","https://www.youtube.com/watch?v=_BvEJ3VIDWw&list=PLgUwDviBIf0oE3gA41TKO2H5bHpPd7fzn&index=39","",""
"Graphs [Concepts & Problems]","Shortest Path Algorithms and Problems","2826","Bellman Ford Algorithm","No","No","Hard","https://takeuforward.org/data-structure/bellman-ford-algorithm-g-41/","https://takeuforward.org/plus/dsa/problems/bellman-ford-algorithm?source=strivers-a2z-dsa-track","https://takeuforward.org/plus/dsa/problems/bellman-ford-algorithm?tab=editorial&source=strivers-a2z-dsa-track","https://takeuforward.org/data-structure/bellman-ford-algorithm-g-41/","https://youtu.be/0vVofAhAYjc","",""
"Graphs [Concepts & Problems]","Shortest Path Algorithms and Problems","522","Floyd warshall algorithm","No","No","Hard","https://takeuforward.org/data-structure/floyd-warshall-algorithm-g-42/","https://takeuforward.org/plus/dsa/problems/floyd-warshall-algorithm?source=strivers-a2z-dsa-track","https://takeuforward.org/plus/dsa/problems/floyd-warshall-algorithm?tab=editorial&source=strivers-a2z-dsa-track","https://takeuforward.org/data-structure/floyd-warshall-algorithm-g-42/","https://www.youtube.com/watch?v=YbY8cVwWAvw&list=PLgUwDviBIf0oE3gA41TKO2H5bHpPd7fzn&index=42","",""
"Graphs [Concepts & Problems]","Shortest Path Algorithms and Problems","521","Find the city with the smallest number of neighbors","No","No","Hard","https://takeuforward.org/data-structure/find-the-city-with-the-smallest-number-of-neighbours-at-a-threshold-distance-g-43/","https://takeuforward.org/plus/dsa/problems/find-the-city-with-the-smallest-number-of-neighbors?source=strivers-a2z-dsa-track","https://takeuforward.org/plus/dsa/problems/find-the-city-with-the-smallest-number-of-neighbors?tab=editorial&source=strivers-a2z-dsa-track","https://takeuforward.org/data-structure/find-the-city-with-the-smallest-number-of-neighbours-at-a-threshold-distance-g-43/","https://youtu.be/9XybHVqTHcQ","https://leetcode.com/problems/find-the-city-with-the-smallest-number-of-neighbors-at-a-threshold-distance/",""
"Graphs [Concepts & Problems]","MinimumSpanningTree/Disjoint Set and Problems","1221","MST theory","No","No","Easy","https://takeuforward.org/data-structure/minimum-spanning-tree-theory-g-44/","https://takeuforward.org/plus/dsa/problems/mst-theory?source=strivers-a2z-dsa-track","https://takeuforward.org/plus/dsa/problems/mst-theory?tab=editorial&source=strivers-a2z-dsa-track","https://takeuforward.org/data-structure/minimum-spanning-tree-theory-g-44/","https://youtu.be/ZSPjZuZWCME","",""
"Graphs [Concepts & Problems]","MinimumSpanningTree/Disjoint Set and Problems","2825","Prim's Algorithm","No","No","Hard","https://takeuforward.org/data-structure/prims-algorithm-minimum-spanning-tree-c-and-java-g-45/","https://takeuforward.org/plus/dsa/problems/find-the-mst-weight?source=strivers-a2z-dsa-track","https://takeuforward.org/plus/dsa/problems/find-the-mst-weight?tab=editorial&source=strivers-a2z-dsa-track","https://takeuforward.org/data-structure/prims-algorithm-minimum-spanning-tree-c-and-java-g-45/","https://youtu.be/mJcZjjKzeqk","",""
"Graphs [Concepts & Problems]","MinimumSpanningTree/Disjoint Set and Problems","516","Disjoint Set","No","No","Hard","https://takeuforward.org/data-structure/disjoint-set-union-by-rank-union-by-size-path-compression-g-46/","https://takeuforward.org/plus/dsa/problems/disjoint-set-?source=strivers-a2z-dsa-track","https://takeuforward.org/plus/dsa/problems/disjoint-set-?tab=editorial&source=strivers-a2z-dsa-track","https://takeuforward.org/data-structure/disjoint-set-union-by-rank-union-by-size-path-compression-g-46/","https://youtu.be/aBxjDBC4M1U","",""
"Graphs [Concepts & Problems]","MinimumSpanningTree/Disjoint Set and Problems","517","Find the MST weight","No","No","Hard","https://takeuforward.org/data-structure/prims-algorithm-minimum-spanning-tree-c-and-java-g-45/","https://takeuforward.org/plus/dsa/problems/find-the-mst-weight?source=strivers-a2z-dsa-track","https://takeuforward.org/plus/dsa/problems/find-the-mst-weight?tab=editorial&source=strivers-a2z-dsa-track","https://takeuforward.org/data-structure/prims-algorithm-minimum-spanning-tree-c-and-java-g-45/","https://youtu.be/mJcZjjKzeqk","",""
"Graphs [Concepts & Problems]","MinimumSpanningTree/Disjoint Set and Problems","515","Number of operations to make network connected","No","No","Hard","https://takeuforward.org/data-structure/number-of-operations-to-make-network-connected-dsu-g-49/","https://takeuforward.org/plus/dsa/problems/number-of-operations-to-make-network-connected?source=strivers-a2z-dsa-track","https://takeuforward.org/plus/dsa/problems/number-of-operations-to-make-network-connected?tab=editorial&source=strivers-a2z-dsa-track","https://takeuforward.org/data-structure/number-of-operations-to-make-network-connected-dsu-g-49/","https://youtu.be/FYrl7iz9_ZU","https://leetcode.com/problems/number-of-operations-to-make-network-connected/",""
"Graphs [Concepts & Problems]","MinimumSpanningTree/Disjoint Set and Problems","513","Most stones removed with same row or column","No","No","Medium","https://takeuforward.org/data-structure/most-stones-removed-with-same-row-or-column-dsu-g-53/","https://takeuforward.org/plus/dsa/problems/most-stones-removed-with-same-row-or-column?source=strivers-a2z-dsa-track","https://takeuforward.org/plus/dsa/problems/most-stones-removed-with-same-row-or-column?tab=editorial&source=strivers-a2z-dsa-track","https://takeuforward.org/data-structure/most-stones-removed-with-same-row-or-column-dsu-g-53/","https://youtu.be/OwMNX8SPavM","https://leetcode.com/problems/most-stones-removed-with-same-row-or-column/",""
"Graphs [Concepts & Problems]","MinimumSpanningTree/Disjoint Set and Problems","511","Accounts merge","No","No","Hard","https://takeuforward.org/data-structure/accounts-merge-dsu-g-50/","https://takeuforward.org/plus/dsa/problems/accounts-merge?source=strivers-a2z-dsa-track","https://takeuforward.org/plus/dsa/problems/accounts-merge?tab=editorial&source=strivers-a2z-dsa-track","https://takeuforward.org/data-structure/accounts-merge-dsu-g-50/","https://youtu.be/FMwpt_aQOGw","https://leetcode.com/problems/accounts-merge/",""
"Graphs [Concepts & Problems]","MinimumSpanningTree/Disjoint Set and Problems","514","Number of islands II","No","No","Hard","https://takeuforward.org/graph/number-of-islands-ii-online-queries-dsu-g-51/","https://takeuforward.org/plus/dsa/problems/number-of-islands-ii?source=strivers-a2z-dsa-track","https://takeuforward.org/plus/dsa/problems/number-of-islands-ii?tab=editorial&source=strivers-a2z-dsa-track","https://takeuforward.org/graph/number-of-islands-ii-online-queries-dsu-g-51/","https://youtu.be/Rn6B-Q4SNyA","https://leetcode.com/problems/number-of-islands-ii/",""
"Graphs [Concepts & Problems]","MinimumSpanningTree/Disjoint Set and Problems","512","Making a large island","No","No","Hard","https://takeuforward.org/data-structure/making-a-large-island-dsu-g-52/","https://takeuforward.org/plus/dsa/problems/making-a-large-island?source=strivers-a2z-dsa-track","https://takeuforward.org/plus/dsa/problems/making-a-large-island?tab=editorial&source=strivers-a2z-dsa-track","https://takeuforward.org/data-structure/making-a-large-island-dsu-g-52/","https://youtu.be/lgiz0Oup6gM","https://leetcode.com/problems/making-a-large-island/",""
"Graphs [Concepts & Problems]","MinimumSpanningTree/Disjoint Set and Problems","1006","Swim in Rising Water","No","No","Medium","https://takeuforward.org/data-structure/swim-in-rising-water","https://takeuforward.org/plus/dsa/problems/swim-in-rising-water?source=strivers-a2z-dsa-track","https://takeuforward.org/plus/dsa/problems/swim-in-rising-water?tab=editorial&source=strivers-a2z-dsa-track","https://takeuforward.org/data-structure/swim-in-rising-water","","https://leetcode.com/problems/swim-in-rising-water/",""
"Graphs [Concepts & Problems]","Other Algorithms","497","Bridges in graph","No","No","Hard","https://takeuforward.org/graph/bridges-in-graph-using-tarjans-algorithm-of-time-in-and-low-time-g-55/","https://takeuforward.org/plus/dsa/problems/bridges-in-graph?source=strivers-a2z-dsa-track","https://takeuforward.org/plus/dsa/problems/bridges-in-graph?tab=editorial&source=strivers-a2z-dsa-track","https://takeuforward.org/graph/bridges-in-graph-using-tarjans-algorithm-of-time-in-and-low-time-g-55/","https://youtu.be/qrAub5z8FeA","https://leetcode.com/problems/critical-connections-in-a-network/discuss/382385/find-bridges-in-a-graph",""
"Graphs [Concepts & Problems]","Other Algorithms","496","Articulation point in graph","No","No","Hard","https://takeuforward.org/data-structure/articulation-point-in-graph-g-56/","https://takeuforward.org/plus/dsa/problems/articulation-point-in-graph?source=strivers-a2z-dsa-track","https://takeuforward.org/plus/dsa/problems/articulation-point-in-graph?tab=editorial&source=strivers-a2z-dsa-track","https://takeuforward.org/data-structure/articulation-point-in-graph-g-56/","https://youtu.be/j1QDfU21iZk","",""
"Graphs [Concepts & Problems]","Other Algorithms","498","Kosaraju's algorithm","No","No","Hard","https://takeuforward.org/graph/strongly-connected-components-kosarajus-algorithm-g-54/","https://takeuforward.org/plus/dsa/problems/kosaraju's-algorithm?source=strivers-a2z-dsa-track","https://takeuforward.org/plus/dsa/problems/kosaraju's-algorithm?tab=editorial&source=strivers-a2z-dsa-track","https://takeuforward.org/graph/strongly-connected-components-kosarajus-algorithm-g-54/","https://www.youtube.com/watch?v=V8qIqJxCioo&list=PLgUwDviBIf0rGEWe64KWas0Nryn7SCRWw&index=27","https://leetcode.com/problems/maximum-number-of-non-overlapping-substrings/discuss/766485/kosaraju-algorithm-on",""
"Dynamic Programming [Patterns and Problems]","Introduction to DP","1195","Introduction to DP","No","No","Easy","https://takeuforward.org/data-structure/dynamic-programming-introduction/","https://takeuforward.org/plus/dsa/problems/introduction-to-dp?source=strivers-a2z-dsa-track","https://takeuforward.org/plus/dsa/problems/introduction-to-dp?source=strivers-a2z-dsa-track","https://takeuforward.org/data-structure/dynamic-programming-introduction/","https://youtu.be/tyB0ztf0DNY","",""
"Dynamic Programming [Patterns and Problems]","1D DP","287","Climbing stairs","No","No","Medium","https://takeuforward.org/data-structure/dynamic-programming-climbing-stairs/","https://takeuforward.org/plus/dsa/problems/climbing-stairs?source=strivers-a2z-dsa-track","https://takeuforward.org/plus/dsa/problems/climbing-stairs?tab=editorial&source=strivers-a2z-dsa-track","https://takeuforward.org/data-structure/dynamic-programming-climbing-stairs/","https://youtu.be/mLfjzJsN8us","https://leetcode.com/problems/climbing-stairs/",""
"Dynamic Programming [Patterns and Problems]","1D DP","288","Frog Jump","No","No","Medium","https://takeuforward.org/data-structure/dynamic-programming-frog-jump-dp-3/","https://takeuforward.org/plus/dsa/problems/frog-jump?source=strivers-a2z-dsa-track","https://takeuforward.org/plus/dsa/problems/frog-jump?tab=editorial&source=strivers-a2z-dsa-track","https://takeuforward.org/data-structure/dynamic-programming-frog-jump-dp-3/","https://www.youtube.com/watch?v=EgG3jsGoPvQ","",""
"Dynamic Programming [Patterns and Problems]","1D DP","289","Frog jump with K distances","No","No","Medium","https://takeuforward.org/data-structure/dynamic-programming-frog-jump-with-k-distances-dp-4/","https://takeuforward.org/plus/dsa/problems/frog-jump-with-k-distances?source=strivers-a2z-dsa-track","https://takeuforward.org/plus/dsa/problems/frog-jump-with-k-distances?tab=editorial&source=strivers-a2z-dsa-track","https://takeuforward.org/data-structure/dynamic-programming-frog-jump-with-k-distances-dp-4/","https://www.youtube.com/watch?v=Kmh3rhyEtB8","",""
"Dynamic Programming [Patterns and Problems]","1D DP","291","Maximum sum of non adjacent elements","No","No","Medium","https://takeuforward.org/data-structure/maximum-sum-of-non-adjacent-elements-dp-5/","https://takeuforward.org/plus/dsa/problems/maximum-sum-of-non-adjacent-elements?source=strivers-a2z-dsa-track","https://takeuforward.org/plus/dsa/problems/maximum-sum-of-non-adjacent-elements?tab=editorial&source=strivers-a2z-dsa-track","https://takeuforward.org/data-structure/maximum-sum-of-non-adjacent-elements-dp-5/","https://www.youtube.com/watch?v=GrMBfJNk_NY","https://leetcode.com/problems/house-robber/",""
"Dynamic Programming [Patterns and Problems]","1D DP","290","House robber","No","No","Medium","https://takeuforward.org/data-structure/dynamic-programming-house-robber-dp-6/","https://takeuforward.org/plus/dsa/problems/house-robber?source=strivers-a2z-dsa-track","https://takeuforward.org/plus/dsa/problems/house-robber?tab=editorial&source=strivers-a2z-dsa-track","https://takeuforward.org/data-structure/dynamic-programming-house-robber-dp-6/","https://www.youtube.com/watch?v=3WaxQMELSkw","https://leetcode.com/problems/house-robber-ii/",""
"Dynamic Programming [Patterns and Problems]","2D/3D DP and DP on Grids","292","Ninja's training","No","No","Medium","https://takeuforward.org/data-structure/dynamic-programming-ninjas-training-dp-7/","https://takeuforward.org/plus/dsa/problems/ninja's-training?source=strivers-a2z-dsa-track","https://takeuforward.org/plus/dsa/problems/ninja's-training?tab=editorial&source=strivers-a2z-dsa-track","https://takeuforward.org/data-structure/dynamic-programming-ninjas-training-dp-7/","https://www.youtube.com/watch?v=AE39gJYuRog","",""
"Dynamic Programming [Patterns and Problems]","2D/3D DP and DP on Grids","2795","Grid Unique Paths : DP on Grids (DP8)","No","No","Medium","https://takeuforward.org/data-structure/grid-unique-paths-dp-on-grids-dp8/","https://takeuforward.org/plus/dsa/problems/grid-unique-paths?source=strivers-a2z-dsa-track","https://takeuforward.org/plus/dsa/problems/grid-unique-paths?tab=editorial&source=strivers-a2z-dsa-track","https://takeuforward.org/data-structure/grid-unique-paths-dp-on-grids-dp8/","https://www.youtube.com/watch?v=sdE0A2Oxofw","https://leetcode.com/problems/unique-paths/",""
"Dynamic Programming [Patterns and Problems]","2D/3D DP and DP on Grids","300","Unique paths II","No","No","Medium","https://takeuforward.org/data-structure/grid-unique-paths-2-dp-9/","https://takeuforward.org/plus/dsa/problems/unique-paths-ii?source=strivers-a2z-dsa-track","https://takeuforward.org/plus/dsa/problems/unique-paths-ii?tab=editorial&source=strivers-a2z-dsa-track","https://takeuforward.org/data-structure/grid-unique-paths-2-dp-9/","https://www.youtube.com/watch?v=TmhpgXScLyY","https://leetcode.com/problems/unique-paths-ii/",""
"Dynamic Programming [Patterns and Problems]","2D/3D DP and DP on Grids","298","Minimum Falling Path Sum","No","No","Medium","https://takeuforward.org/data-structure/minimum-path-sum-in-a-grid-dp-10/","https://takeuforward.org/plus/dsa/problems/minimum-falling-path-sum?source=strivers-a2z-dsa-track","https://takeuforward.org/plus/dsa/problems/minimum-falling-path-sum?tab=editorial&source=strivers-a2z-dsa-track","https://takeuforward.org/data-structure/minimum-path-sum-in-a-grid-dp-10/","https://youtu.be/_rgTlyky1uQ","https://leetcode.com/problems/minimum-path-sum/",""
"Dynamic Programming [Patterns and Problems]","2D/3D DP and DP on Grids","299","Triangle","No","No","Medium","https://takeuforward.org/data-structure/minimum-path-sum-in-triangular-grid-dp-11/","https://takeuforward.org/plus/dsa/problems/triangle?source=strivers-a2z-dsa-track","https://takeuforward.org/plus/dsa/problems/triangle?tab=editorial&source=strivers-a2z-dsa-track","https://takeuforward.org/data-structure/minimum-path-sum-in-triangular-grid-dp-11/","https://www.youtube.com/watch?v=SrP-PiLSYC0","https://leetcode.com/problems/triangle/",""
"Dynamic Programming [Patterns and Problems]","2D/3D DP and DP on Grids","769","Ninja and his Friends","No","No","Medium","https://takeuforward.org/data-structure/3-d-dp-ninja-and-his-friends-dp-13/","https://takeuforward.org/plus/dsa/problems/ninja-and-his-friends?source=strivers-a2z-dsa-track","https://takeuforward.org/plus/dsa/problems/ninja-and-his-friends?tab=editorial&source=strivers-a2z-dsa-track","https://takeuforward.org/data-structure/3-d-dp-ninja-and-his-friends-dp-13/","https://www.youtube.com/watch?v=QGfn7JeXK54","",""
"Dynamic Programming [Patterns and Problems]","DP on Subsequences","2804","Subset sum equal to target (DP- 14)","No","No","Hard","https://takeuforward.org/data-structure/subset-sum-equal-to-target-dp-14/","https://takeuforward.org/plus/dsa/problems/subset-sum-equals-to-target?source=strivers-a2z-dsa-track","https://takeuforward.org/plus/dsa/problems/subset-sum-equals-to-target?tab=editorial&source=strivers-a2z-dsa-track","https://takeuforward.org/data-structure/subset-sum-equal-to-target-dp-14/","https://www.youtube.com/watch?v=fWX9xDmIzRI","",""
"Dynamic Programming [Patterns and Problems]","DP on Subsequences","321","Partition equal subset sum","No","No","Hard","https://takeuforward.org/data-structure/partition-equal-subset-sum-dp-15/","https://takeuforward.org/plus/dsa/problems/partition-equal-subset-sum?source=strivers-a2z-dsa-track","https://takeuforward.org/plus/dsa/problems/partition-equal-subset-sum?tab=editorial&source=strivers-a2z-dsa-track","https://takeuforward.org/data-structure/partition-equal-subset-sum-dp-15/","https://www.youtube.com/watch?v=7win3dcgo3k","https://leetcode.com/problems/partition-equal-subset-sum/",""
"Dynamic Programming [Patterns and Problems]","DP on Subsequences","320","Partition a set into two subsets with minimum absolute sum difference","No","No","Hard","https://takeuforward.org/data-structure/partition-set-into-2-subsets-with-min-absolute-sum-diff-dp-16/","https://takeuforward.org/plus/dsa/problems/partition-a-set-into-two-subsets-with-minimum-absolute-sum-difference?source=strivers-a2z-dsa-track","https://takeuforward.org/plus/dsa/problems/partition-a-set-into-two-subsets-with-minimum-absolute-sum-difference?tab=editorial&source=strivers-a2z-dsa-track","https://takeuforward.org/data-structure/partition-set-into-2-subsets-with-min-absolute-sum-diff-dp-16/","https://www.youtube.com/watch?v=GS_OqZb2CWc","https://leetcode.com/problems/partition-array-into-two-arrays-to-minimize-sum-difference/",""
"Dynamic Programming [Patterns and Problems]","DP on Subsequences","318","Count subsets with sum K","No","No","Hard","https://takeuforward.org/data-structure/count-subsets-with-sum-k-dp-17/","https://takeuforward.org/plus/dsa/problems/count-subsets-with-sum-k?source=strivers-a2z-dsa-track","https://takeuforward.org/plus/dsa/problems/count-subsets-with-sum-k?tab=editorial&source=strivers-a2z-dsa-track","https://takeuforward.org/data-structure/count-subsets-with-sum-k-dp-17/","https://www.youtube.com/watch?v=ZHyb-A2Mte4","",""
"Dynamic Programming [Patterns and Problems]","DP on Subsequences","317","Count partitions with given difference","No","No","Hard","https://takeuforward.org/data-structure/count-partitions-with-given-difference-dp-18/","https://takeuforward.org/plus/dsa/problems/count-partitions-with-given-difference?source=strivers-a2z-dsa-track","https://takeuforward.org/plus/dsa/problems/count-partitions-with-given-difference?tab=editorial&source=strivers-a2z-dsa-track","https://takeuforward.org/data-structure/count-partitions-with-given-difference-dp-18/","https://www.youtube.com/watch?v=zoilQD1kYSg","",""
"Dynamic Programming [Patterns and Problems]","DP on Subsequences","541","Assign Cookies","No","No","Easy","https://takeuforward.org/data-structure/assign-cookies","https://takeuforward.org/plus/dsa/problems/assign-cookies?source=strivers-a2z-dsa-track","https://takeuforward.org/plus/dsa/problems/assign-cookies?tab=editorial&source=strivers-a2z-dsa-track","https://takeuforward.org/data-structure/assign-cookies","https://youtu.be/DIX2p7vb9co?si=GofAIDimue-Av0Fi","https://leetcode.com/problems/assign-cookies/",""
"Dynamic Programming [Patterns and Problems]","DP on Subsequences","2802","Minimum Coins (DP - 20)","No","No","Hard","https://takeuforward.org/data-structure/minimum-coins-dp-20/","https://takeuforward.org/plus/dsa/problems/minimum-coins?source=strivers-a2z-dsa-track","https://takeuforward.org/plus/dsa/problems/minimum-coins?tab=editorial&source=strivers-a2z-dsa-track","https://takeuforward.org/data-structure/minimum-coins-dp-20/","https://www.youtube.com/watch?v=myPeWb3Y68A","https://leetcode.com/problems/coin-change/",""
"Dynamic Programming [Patterns and Problems]","DP on Subsequences","324","Target sum","No","No","Hard","https://takeuforward.org/data-structure/target-sum-dp-21/","https://takeuforward.org/plus/dsa/problems/target-sum?source=strivers-a2z-dsa-track","https://takeuforward.org/plus/dsa/problems/target-sum?tab=editorial&source=strivers-a2z-dsa-track","https://takeuforward.org/data-structure/target-sum-dp-21/","https://www.youtube.com/watch?v=b3GD8263-PQ","https://leetcode.com/problems/target-sum/",""
"Dynamic Programming [Patterns and Problems]","DP on Subsequences","2801","Coin Change 2 (DP - 22)","No","No","Hard","https://takeuforward.org/data-structure/coin-change-2-dp-22/","https://takeuforward.org/plus/dsa/problems/coin-change-ii?source=strivers-a2z-dsa-track","https://takeuforward.org/plus/dsa/problems/coin-change-ii?tab=editorial&source=strivers-a2z-dsa-track","https://takeuforward.org/data-structure/coin-change-2-dp-22/","https://www.youtube.com/watch?v=HgyouUi11zk","https://leetcode.com/problems/coin-change-2/",""
"Dynamic Programming [Patterns and Problems]","DP on Subsequences","325","Unbounded knapsack","No","No","Hard","https://takeuforward.org/data-structure/unbounded-knapsack-dp-23/","https://takeuforward.org/plus/dsa/problems/unbounded-knapsack?source=strivers-a2z-dsa-track","https://takeuforward.org/plus/dsa/problems/unbounded-knapsack?tab=editorial&source=strivers-a2z-dsa-track","https://takeuforward.org/data-structure/unbounded-knapsack-dp-23/","https://youtu.be/OgvOZ6OrJoY","",""
"Dynamic Programming [Patterns and Problems]","DP on Subsequences","2803","Rod Cutting Problem | (DP - 24)","No","No","Hard","https://takeuforward.org/data-structure/rod-cutting-problem-dp-24/","https://takeuforward.org/plus/dsa/problems/rod-cutting-problem?source=strivers-a2z-dsa-track","https://takeuforward.org/plus/dsa/problems/rod-cutting-problem?tab=editorial&source=strivers-a2z-dsa-track","https://takeuforward.org/data-structure/rod-cutting-problem-dp-24/","https://youtu.be/mO8XpGoJwuo","",""
"Dynamic Programming [Patterns and Problems]","DP on Strings","308","Longest common subsequence","No","No","Hard","https://takeuforward.org/data-structure/print-longest-common-subsequence-dp-26/","https://takeuforward.org/plus/dsa/problems/longest-common-subsequence?source=strivers-a2z-dsa-track","https://takeuforward.org/plus/dsa/problems/longest-common-subsequence?tab=editorial&source=strivers-a2z-dsa-track","https://takeuforward.org/data-structure/print-longest-common-subsequence-dp-26/","https://youtu.be/-zI4mrF2Pb4","",""
"Dynamic Programming [Patterns and Problems]","DP on Strings","2799","Print Longest Common Subsequence | (DP - 26)","No","No","hard","https://takeuforward.org/data-structure/print-longest-common-subsequence-dp-26/","https://takeuforward.org/plus/dsa/problems/longest-common-subsequence?source=strivers-a2z-dsa-track","https://takeuforward.org/plus/dsa/problems/longest-common-subsequence?tab=editorial&source=strivers-a2z-dsa-track","https://takeuforward.org/data-structure/print-longest-common-subsequence-dp-26/","https://youtu.be/-zI4mrF2Pb4","",""
"Dynamic Programming [Patterns and Problems]","DP on Strings","309","Longest common substring","No","No","Hard","https://takeuforward.org/data-structure/longest-common-substring-dp-27/","https://takeuforward.org/plus/dsa/problems/longest-common-substring?source=strivers-a2z-dsa-track","https://takeuforward.org/plus/dsa/problems/longest-common-substring?tab=editorial&source=strivers-a2z-dsa-track","https://takeuforward.org/data-structure/longest-common-substring-dp-27/","https://youtu.be/_wP9mWNPL5w","",""
"Dynamic Programming [Patterns and Problems]","DP on Strings","310","Longest palindromic subsequence","No","No","Hard","https://takeuforward.org/data-structure/longest-palindromic-subsequence-dp-28/","https://takeuforward.org/plus/dsa/problems/longest-palindromic-subsequence?source=strivers-a2z-dsa-track","https://takeuforward.org/plus/dsa/problems/longest-palindromic-subsequence?tab=editorial&source=strivers-a2z-dsa-track","https://takeuforward.org/data-structure/longest-palindromic-subsequence-dp-28/","https://youtu.be/6i_T5kkfv4A","https://leetcode.com/problems/longest-palindromic-subsequence/",""
"Dynamic Programming [Patterns and Problems]","DP on Strings","2800","Minimum insertions to make string palindrome | DP-29","No","No","Hard","https://takeuforward.org/data-structure/minimum-insertions-to-make-string-palindrome-dp-29/","https://takeuforward.org/plus/dsa/problems/minimum-insertions-to-make-string-palindrome?source=strivers-a2z-dsa-track","https://takeuforward.org/plus/dsa/problems/minimum-insertions-to-make-string-palindrome?tab=editorial&source=strivers-a2z-dsa-track","https://takeuforward.org/data-structure/minimum-insertions-to-make-string-palindrome-dp-29/","https://www.youtube.com/watch?v=xPBLEj41rFU","https://leetcode.com/problems/minimum-insertion-steps-to-make-a-string-palindrome/",""
"Dynamic Programming [Patterns and Problems]","DP on Strings","311","Minimum insertions or deletions to convert string A to B","No","No","Hard","https://takeuforward.org/data-structure/minimum-insertions-deletions-to-convert-string-dp-30/","https://takeuforward.org/plus/dsa/problems/minimum-insertions-or-deletions-to-convert-string-a-to-b?source=strivers-a2z-dsa-track","https://takeuforward.org/plus/dsa/problems/minimum-insertions-or-deletions-to-convert-string-a-to-b?tab=editorial&source=strivers-a2z-dsa-track","https://takeuforward.org/data-structure/minimum-insertions-deletions-to-convert-string-dp-30/","https://www.youtube.com/watch?v=yMnH0jrir0Q","https://leetcode.com/problems/delete-operation-for-two-strings/",""
"Dynamic Programming [Patterns and Problems]","DP on Strings","313","Shortest common supersequence","No","No","Hard","https://takeuforward.org/data-structure/shortest-common-supersequence-dp-31/","https://takeuforward.org/plus/dsa/problems/shortest-common-supersequence?source=strivers-a2z-dsa-track","https://takeuforward.org/plus/dsa/problems/shortest-common-supersequence?tab=editorial&source=strivers-a2z-dsa-track","https://takeuforward.org/data-structure/shortest-common-supersequence-dp-31/","https://youtu.be/xElxAuBcvsU","https://leetcode.com/problems/shortest-common-supersequence/",""
"Dynamic Programming [Patterns and Problems]","DP on Strings","306","Distinct subsequences","No","No","Hard","https://takeuforward.org/data-structure/distinct-subsequences-dp-32/","https://takeuforward.org/plus/dsa/problems/distinct-subsequences?source=strivers-a2z-dsa-track","https://takeuforward.org/plus/dsa/problems/distinct-subsequences?tab=editorial&source=strivers-a2z-dsa-track","https://takeuforward.org/data-structure/distinct-subsequences-dp-32/","https://youtu.be/nVG7eTiD2bY","https://leetcode.com/problems/distinct-subsequences/",""
"Dynamic Programming [Patterns and Problems]","DP on Strings","307","Edit distance","No","No","Hard","https://takeuforward.org/data-structure/edit-distance-dp-33/","https://takeuforward.org/plus/dsa/problems/edit-distance?source=strivers-a2z-dsa-track","https://takeuforward.org/plus/dsa/problems/edit-distance?tab=editorial&source=strivers-a2z-dsa-track","https://takeuforward.org/data-structure/edit-distance-dp-33/","https://youtu.be/fJaKO8FbDdo","https://leetcode.com/problems/edit-distance/",""
"Dynamic Programming [Patterns and Problems]","DP on Strings","314","Wildcard matching","No","No","Hard","https://takeuforward.org/data-structure/wildcard-matching-dp-34/","https://takeuforward.org/plus/dsa/problems/wildcard-matching?source=strivers-a2z-dsa-track","https://takeuforward.org/plus/dsa/problems/wildcard-matching?tab=editorial&source=strivers-a2z-dsa-track","https://takeuforward.org/data-structure/wildcard-matching-dp-34/","https://youtu.be/ZmlQ3vgAOMo","https://leetcode.com/problems/wildcard-matching/",""
"Dynamic Programming [Patterns and Problems]","DP on Stocks","301","Best time to buy and sell stock","No","No","Medium","https://takeuforward.org/data-structure/stock-buy-and-sell/","https://takeuforward.org/plus/dsa/problems/best-time-to-buy-and-sell-stock?source=strivers-a2z-dsa-track","https://takeuforward.org/plus/dsa/problems/best-time-to-buy-and-sell-stock?tab=editorial&source=strivers-a2z-dsa-track","https://takeuforward.org/data-structure/stock-buy-and-sell/","https://youtu.be/excAOvwF_Wk","https://leetcode.com/problems/best-time-to-buy-and-sell-stock/",""
"Dynamic Programming [Patterns and Problems]","DP on Stocks","302","Best time to buy and sell stock II","No","No","Medium","https://takeuforward.org/data-structure/buy-and-sell-stock-ii-dp-36/","https://takeuforward.org/plus/dsa/problems/best-time-to-buy-and-sell-stock-ii?source=strivers-a2z-dsa-track","https://takeuforward.org/plus/dsa/problems/best-time-to-buy-and-sell-stock-ii?tab=editorial&source=strivers-a2z-dsa-track","https://takeuforward.org/data-structure/buy-and-sell-stock-ii-dp-36/","https://youtu.be/nGJmxkUJQGs","https://leetcode.com/problems/best-time-to-buy-and-sell-stock-ii/",""
"Dynamic Programming [Patterns and Problems]","DP on Stocks","303","Best time to buy and sell stock III","No","No","Medium","https://takeuforward.org/data-structure/buy-and-sell-stock-iii-dp-37/","https://takeuforward.org/plus/dsa/problems/best-time-to-buy-and-sell-stock-iii?source=strivers-a2z-dsa-track","https://takeuforward.org/plus/dsa/problems/best-time-to-buy-and-sell-stock-iii?tab=editorial&source=strivers-a2z-dsa-track","https://takeuforward.org/data-structure/buy-and-sell-stock-iii-dp-37/","https://youtu.be/-uQGzhYj8BQ","https://leetcode.com/problems/best-time-to-buy-and-sell-stock-iii/description/",""
"Dynamic Programming [Patterns and Problems]","DP on Stocks","304","Best time to buy and sell stock IV","No","No","Medium","https://takeuforward.org/data-structure/buy-and-sell-stock-iv-dp-38/","https://takeuforward.org/plus/dsa/problems/best-time-to-buy-and-sell-stock-iv?source=strivers-a2z-dsa-track","https://takeuforward.org/plus/dsa/problems/best-time-to-buy-and-sell-stock-iv?tab=editorial&source=strivers-a2z-dsa-track","https://takeuforward.org/data-structure/buy-and-sell-stock-iv-dp-38/","https://youtu.be/IV1dHbk5CDc","https://leetcode.com/problems/best-time-to-buy-and-sell-stock-iv/",""
"Dynamic Programming [Patterns and Problems]","DP on Stocks","56","Best Time to Buy and Sell Stock with Cooldown","No","No","Medium","https://takeuforward.org/data-structure/buy-and-sell-stocks-with-cooldown-dp-39/","https://takeuforward.org/plus/dsa/problems/best-time-to-buy-and-sell-stock-with-cooldown?source=strivers-a2z-dsa-track","","https://takeuforward.org/data-structure/buy-and-sell-stocks-with-cooldown-dp-39/","https://youtu.be/IGIe46xw3YY","https://leetcode.com/problems/best-time-to-buy-and-sell-stock-with-cooldown/",""
"Dynamic Programming [Patterns and Problems]","DP on Stocks","305","Best time to buy and sell stock with transaction fees","No","No","Medium","https://takeuforward.org/data-structure/buy-and-sell-stocks-with-transaction-fees-dp-40/","https://takeuforward.org/plus/dsa/problems/best-time-to-buy-and-sell-stock-with-cooldown-and-transaction-fees?source=strivers-a2z-dsa-track","https://takeuforward.org/plus/dsa/problems/best-time-to-buy-and-sell-stock-with-cooldown-and-transaction-fees?tab=editorial&source=strivers-a2z-dsa-track","https://takeuforward.org/data-structure/buy-and-sell-stocks-with-transaction-fees-dp-40/","https://youtu.be/k4eK-vEmnKg","https://leetcode.com/problems/best-time-to-buy-and-sell-stock-with-transaction-fee/",""
"Dynamic Programming [Patterns and Problems]","DP on LIS","636","Longest Increasing Subsequence","No","No","Medium","https://takeuforward.org/data-structure/longest-increasing-subsequence-binary-search-dp-43/","https://takeuforward.org/plus/dsa/problems/longest-increasing-subsequence?source=strivers-a2z-dsa-track","https://takeuforward.org/plus/dsa/problems/longest-increasing-subsequence?tab=editorial&source=strivers-a2z-dsa-track","https://takeuforward.org/data-structure/longest-increasing-subsequence-binary-search-dp-43/","https://youtu.be/on2hvxBXJH4","",""
"Dynamic Programming [Patterns and Problems]","DP on LIS","851","Print Longest Increasing Subsequence","No","No","Medium","https://takeuforward.org/data-structure/printing-longest-increasing-subsequence-dp-42/","https://takeuforward.org/plus/dsa/problems/print-longest-increasing-subsequence?source=strivers-a2z-dsa-track","https://takeuforward.org/plus/dsa/problems/print-longest-increasing-subsequence?tab=editorial&source=strivers-a2z-dsa-track","https://takeuforward.org/data-structure/printing-longest-increasing-subsequence-dp-42/","https://youtu.be/IFfYfonAFGc","",""
"Dynamic Programming [Patterns and Problems]","DP on LIS","2851","Longest Increasing Subsequence |(DP-43)","No","No","Medium","https://takeuforward.org/data-structure/longest-increasing-subsequence-binary-search-dp-43/","https://takeuforward.org/plus/dsa/problems/longest-increasing-subsequence?source=strivers-a2z-dsa-track","https://takeuforward.org/plus/dsa/problems/longest-increasing-subsequence?tab=editorial&source=strivers-a2z-dsa-track","https://takeuforward.org/data-structure/longest-increasing-subsequence-binary-search-dp-43/","https://youtu.be/on2hvxBXJH4","",""
"Dynamic Programming [Patterns and Problems]","DP on LIS","603","Largest Divisible Subset","No","No","Medium","https://takeuforward.org/data-structure/longest-divisible-subset-dp-44/","https://takeuforward.org/plus/dsa/problems/largest-divisible-subset?source=strivers-a2z-dsa-track","https://takeuforward.org/plus/dsa/problems/largest-divisible-subset?tab=editorial&source=strivers-a2z-dsa-track","https://takeuforward.org/data-structure/longest-divisible-subset-dp-44/","https://youtu.be/gDuZwBW9VvM","https://leetcode.com/problems/largest-divisible-subset/",""
"Dynamic Programming [Patterns and Problems]","DP on LIS","640","Longest String Chain","No","No","Medium","https://takeuforward.org/data-structure/longest-string-chain-dp-45/","https://takeuforward.org/plus/dsa/problems/longest-string-chain?source=strivers-a2z-dsa-track","https://takeuforward.org/plus/dsa/problems/longest-string-chain?tab=editorial&source=strivers-a2z-dsa-track","https://takeuforward.org/data-structure/longest-string-chain-dp-45/","https://youtu.be/YY8iBaYcc4g","https://leetcode.com/problems/longest-string-chain/",""
"Dynamic Programming [Patterns and Problems]","DP on LIS","633","Longest Bitonic Subsequence","No","No","Medium","https://takeuforward.org/data-structure/longest-bitonic-subsequence-dp-46/","https://takeuforward.org/plus/dsa/problems/longest-bitonic-subsequence?source=strivers-a2z-dsa-track","https://takeuforward.org/plus/dsa/problems/longest-bitonic-subsequence?tab=editorial&source=strivers-a2z-dsa-track","https://takeuforward.org/data-structure/longest-bitonic-subsequence-dp-46/","https://youtu.be/y4vN0WNdrlg","",""
"Dynamic Programming [Patterns and Problems]","DP on LIS","780","Number of Longest Increasing Subsequences","No","No","Medium","https://takeuforward.org/data-structure/number-of-longest-increasing-subsequences-dp-47/","https://takeuforward.org/plus/dsa/problems/number-of-longest-increasing-subsequences?source=strivers-a2z-dsa-track","https://takeuforward.org/plus/dsa/problems/number-of-longest-increasing-subsequences?tab=editorial&source=strivers-a2z-dsa-track","https://takeuforward.org/data-structure/number-of-longest-increasing-subsequences-dp-47/","https://youtu.be/cKVl1TFdNXg","https://leetcode.com/problems/number-of-longest-increasing-subsequence/",""
"Dynamic Programming [Patterns and Problems]","MCM DP | Partition DP","327","Matrix chain multiplication","No","No","Hard","https://takeuforward.org/dynamic-programming/matrix-chain-multiplication-dp-48/","https://takeuforward.org/plus/dsa/problems/matrix-chain-multiplication?source=strivers-a2z-dsa-track","https://takeuforward.org/plus/dsa/problems/matrix-chain-multiplication?tab=editorial&source=strivers-a2z-dsa-track","https://takeuforward.org/dynamic-programming/matrix-chain-multiplication-dp-48/","https://youtu.be/vRVfmbCFW7Y","",""
"Dynamic Programming [Patterns and Problems]","MCM DP | Partition DP","2806","Matrix Chain Multiplication | Bottom-Up|(DP-49)","No","No","Hard","https://takeuforward.org/data-structure/matrix-chain-multiplication-tabulation-method-dp-49/","https://takeuforward.org/plus/dsa/problems/matrix-chain-multiplication?source=strivers-a2z-dsa-track","https://takeuforward.org/plus/dsa/problems/matrix-chain-multiplication?tab=editorial&source=strivers-a2z-dsa-track","https://takeuforward.org/data-structure/matrix-chain-multiplication-tabulation-method-dp-49/","https://youtu.be/pDCXsbAw5Cg","",""
"Dynamic Programming [Patterns and Problems]","MCM DP | Partition DP","328","Minimum cost to cut the stick","No","No","Hard","https://takeuforward.org/data-structure/minimum-cost-to-cut-the-stick-dp-50/","https://takeuforward.org/plus/dsa/problems/minimum-cost-to-cut-the-stick?source=strivers-a2z-dsa-track","https://takeuforward.org/plus/dsa/problems/minimum-cost-to-cut-the-stick?tab=editorial&source=strivers-a2z-dsa-track","https://takeuforward.org/data-structure/minimum-cost-to-cut-the-stick-dp-50/","https://youtu.be/xwomavsC86c","https://leetcode.com/problems/minimum-cost-to-cut-a-stick/",""
"Dynamic Programming [Patterns and Problems]","MCM DP | Partition DP","326","Burst balloons","No","No","Hard","https://takeuforward.org/data-structure/burst-balloons-partition-dp-dp-51/","https://takeuforward.org/plus/dsa/problems/burst-balloons?source=strivers-a2z-dsa-track","https://takeuforward.org/plus/dsa/problems/burst-balloons?tab=editorial&source=strivers-a2z-dsa-track","https://takeuforward.org/data-structure/burst-balloons-partition-dp-dp-51/","https://youtu.be/Yz4LlDSlkns","https://leetcode.com/problems/burst-balloons/",""
"Dynamic Programming [Patterns and Problems]","MCM DP | Partition DP","276","Different Ways to Evaluate a Boolean Expression","No","No","Medium","https://takeuforward.org/data-structure/evaluate-boolean-expression-to-true-partition-dp-dp-52/","https://takeuforward.org/plus/dsa/problems/different-ways-to-evaluate-a-boolean-expression?source=strivers-a2z-dsa-track","https://takeuforward.org/plus/dsa/problems/different-ways-to-evaluate-a-boolean-expression?tab=editorial&source=strivers-a2z-dsa-track","https://takeuforward.org/data-structure/evaluate-boolean-expression-to-true-partition-dp-dp-52/","https://youtu.be/MM7fXopgyjw","https://leetcode.com/problems/parsing-a-boolean-expression/",""
"Dynamic Programming [Patterns and Problems]","MCM DP | Partition DP","329","Palindrome partitioning II","No","No","Hard","https://takeuforward.org/data-structure/palindrome-partitioning-ii-front-partition-dp-53/","https://takeuforward.org/plus/dsa/problems/palindrome-partitioning-ii-?source=strivers-a2z-dsa-track","https://takeuforward.org/plus/dsa/problems/palindrome-partitioning-ii-?tab=editorial&source=strivers-a2z-dsa-track","https://takeuforward.org/data-structure/palindrome-partitioning-ii-front-partition-dp-53/","https://youtu.be/_H8V5hJUGd0","https://leetcode.com/problems/palindrome-partitioning-ii/",""
"Dynamic Programming [Patterns and Problems]","MCM DP | Partition DP","810","Partition Array for Maximum Sum","No","No","Medium","https://takeuforward.org/data-structure/partition-array-for-maximum-sum-front-partition-dp-54/","https://takeuforward.org/plus/dsa/problems/partition-array-for-maximum-sum?source=strivers-a2z-dsa-track","","https://takeuforward.org/data-structure/partition-array-for-maximum-sum-front-partition-dp-54/","https://youtu.be/PhWWJmaKfMc","https://leetcode.com/problems/partition-array-for-maximum-sum/",""
"Dynamic Programming [Patterns and Problems]","DP on Squares","2860","Maximum Rectangle Area with all 1's|(DP-55)","No","No","Hard","https://takeuforward.org/data-structure/maximum-rectangle-area-with-all-1s-dp-on-rectangles-dp-55/","https://takeuforward.org/plus/dsa/problems/maximum-rectangles?source=strivers-a2z-dsa-track","https://takeuforward.org/plus/dsa/problems/maximum-rectangles?tab=editorial&source=strivers-a2z-dsa-track","https://takeuforward.org/data-structure/maximum-rectangle-area-with-all-1s-dp-on-rectangles-dp-55/","https://youtu.be/tOylVCugy9k","https://leetcode.com/problems/maximal-rectangle/",""
"Dynamic Programming [Patterns and Problems]","DP on Squares","2395","Count Square Submatrices with All Ones|(DP-56)","No","No","Easy","https://takeuforward.org/data-structure/count-square-submatrices-with-all-1s-dp-on-rectangles-dp-56/","","","https://takeuforward.org/data-structure/count-square-submatrices-with-all-1s-dp-on-rectangles-dp-56/","https://youtu.be/auS1fynpnjo","https://leetcode.com/problems/count-square-submatrices-with-all-ones/",""
"Tries","Theory","1028","Trie Implementation and Operations","No","No","Hard","https://takeuforward.org/data-structure/implement-trie-1/","https://takeuforward.org/plus/dsa/problems/trie-implementation-and-operations?source=strivers-a2z-dsa-track","https://takeuforward.org/plus/dsa/problems/trie-implementation-and-operations?tab=editorial&source=strivers-a2z-dsa-track","https://takeuforward.org/data-structure/implement-trie-1/","https://www.youtube.com/watch?v=dBGUmUQhjaM&list=PLgUwDviBIf0pcIDCZnxhv0LkHf5KzG9zp","https://leetcode.com/problems/implement-trie-prefix-tree/",""
"Tries","Problems","1027","Trie Implementation and Advanced Operations","No","No","Hard","https://takeuforward.org/data-structure/implement-trie-ii/","https://takeuforward.org/plus/dsa/problems/trie-implementation-and-advanced-operations?source=strivers-a2z-dsa-track","https://takeuforward.org/plus/dsa/problems/trie-implementation-and-advanced-operations?tab=editorial&source=strivers-a2z-dsa-track","https://takeuforward.org/data-structure/implement-trie-ii/","","",""
"Tries","Problems","1023","Longest Word with All Prefixes","No","No","Medium","","https://takeuforward.org/plus/dsa/problems/longest-word-with-all-prefixes?source=strivers-a2z-dsa-track","https://takeuforward.org/plus/dsa/problems/longest-word-with-all-prefixes?tab=editorial&source=strivers-a2z-dsa-track","","https://www.youtube.com/watch?v=AWnBa91lThI&list=PLgUwDviBIf0pcIDCZnxhv0LkHf5KzG9zp&index=3","",""
"Tries","Problems","1026","Number of distinct substrings in a string","No","No","Medium","https://takeuforward.org/data-structure/number-of-distinct-substrings-in-a-string-using-trie/","https://takeuforward.org/plus/dsa/problems/number-of-distinct-substrings-in-a-string?source=strivers-a2z-dsa-track","https://takeuforward.org/plus/dsa/problems/number-of-distinct-substrings-in-a-string?tab=editorial&source=strivers-a2z-dsa-track","https://takeuforward.org/data-structure/number-of-distinct-substrings-in-a-string-using-trie/","https://www.youtube.com/watch?v=RV0QeTyHZxo&list=PLgUwDviBIf0pcIDCZnxhv0LkHf5KzG9zp&index=4","",""
"Tries","Problems","2390","Bit PreRequisites for TRIE Problems","No","No","Easy","","","","","https://youtu.be/5iyuU4hQFrw","",""
"Tries","Problems","1024","Maximum XOR of two numbers in an array","No","No","Hard","https://takeuforward.org/data-structure/maximum-xor-of-two-numbers-in-an-array/","https://takeuforward.org/plus/dsa/problems/maximum-xor-of-two-numbers-in-an-array?source=strivers-a2z-dsa-track","https://takeuforward.org/plus/dsa/problems/maximum-xor-of-two-numbers-in-an-array?tab=editorial&source=strivers-a2z-dsa-track","https://takeuforward.org/data-structure/maximum-xor-of-two-numbers-in-an-array/","https://www.youtube.com/watch?v=EIhAwfHubE8&list=PLgUwDviBIf0pcIDCZnxhv0LkHf5KzG9zp&index=6","https://leetcode.com/problems/maximum-xor-of-two-numbers-in-an-array/",""
"Tries","Problems","1025","Maximum Xor with an element from an array","No","No","Hard","https://takeuforward.org/trie/maximum-xor-queries-trie/","https://takeuforward.org/plus/dsa/problems/maximum-xor-with-an-element-from-an-array?source=strivers-a2z-dsa-track","https://takeuforward.org/plus/dsa/problems/maximum-xor-with-an-element-from-an-array?tab=editorial&source=strivers-a2z-dsa-track","https://takeuforward.org/trie/maximum-xor-queries-trie/","https://www.youtube.com/watch?v=Q8LhG9Pi5KM&list=PLgUwDviBIf0pcIDCZnxhv0LkHf5KzG9zp&index=7","https://leetcode.com/problems/maximum-xor-with-an-element-from-array/",""
"Strings","Hard Problems","983","Minimum number of bracket reversals to make an expression balanced","No","No","Hard","https://takeuforward.org/data-structure/minimum-number-of-bracket-reversals-needed-to-make-an-expression-balanced","https://takeuforward.org/plus/dsa/problems/minimum-number-of-bracket-reversals-to-make-an-expression-balanced?source=strivers-a2z-dsa-track","https://takeuforward.org/plus/dsa/problems/minimum-number-of-bracket-reversals-to-make-an-expression-balanced?tab=editorial&source=strivers-a2z-dsa-track","https://takeuforward.org/data-structure/minimum-number-of-bracket-reversals-needed-to-make-an-expression-balanced","","https://leetcode.com/problems/minimum-add-to-make-parentheses-valid/",""
"Strings","Hard Problems","982","Count and say","No","No","Hard","https://takeuforward.org/data-structure/count-and-say","https://takeuforward.org/plus/dsa/problems/count-and-say?source=strivers-a2z-dsa-track","https://takeuforward.org/plus/dsa/problems/count-and-say?tab=editorial&source=strivers-a2z-dsa-track","https://takeuforward.org/data-structure/count-and-say","","https://leetcode.com/problems/count-and-say/",""
"Strings","Hard Problems","2399","Hashing In Strings | Theory","No","No","Easy","https://takeuforward.org/data-structure/hashing-in-strings","","","https://takeuforward.org/data-structure/hashing-in-strings","","",""
"Strings","Hard Problems","979","Rabin Karp Algorithm","No","No","Hard","","https://takeuforward.org/plus/dsa/problems/rabin-karp-algorithm?source=strivers-a2z-dsa-track","https://takeuforward.org/plus/dsa/problems/rabin-karp-algorithm?tab=editorial&source=strivers-a2z-dsa-track","","","https://leetcode.com/problems/repeated-string-match/discuss/416144/Rabin-Karp-algorithm-C%2B%2B-implementation",""
"Strings","Hard Problems","981","Z function","No","No","Hard","","","","","","",""
"Strings","Hard Problems","977","KMP Algorithm or LPS array","No","No","Hard","https://takeuforward.org/data-structure/kmp-algorithm-or-lps-array","https://takeuforward.org/plus/dsa/problems/kmp-algorithm-or-lps-array?source=strivers-a2z-dsa-track","https://takeuforward.org/plus/dsa/problems/kmp-algorithm-or-lps-array?tab=editorial&source=strivers-a2z-dsa-track","https://takeuforward.org/data-structure/kmp-algorithm-or-lps-array","","https://leetcode.com/problems/implement-strstr/",""
"Strings","Hard Problems","980","Shortest Palindrome","No","No","Hard","","","","","","",""
"Strings","Hard Problems","978","Longest happy prefix","No","No","Hard","https://takeuforward.org/data-structure/longest-happy-prefix","https://takeuforward.org/plus/dsa/problems/longest-happy-prefix?source=strivers-a2z-dsa-track","https://takeuforward.org/plus/dsa/problems/longest-happy-prefix?tab=editorial&source=strivers-a2z-dsa-track","https://takeuforward.org/data-structure/longest-happy-prefix","","https://leetcode.com/problems/longest-happy-prefix/",""
"Strings","Hard Problems","231","Count Palindromic Subsequences","No","No","Medium","","https://takeuforward.org/plus/dsa/problems/count-palindromic-subsequences?source=strivers-a2z-dsa-track","https://takeuforward.org/plus/dsa/problems/count-palindromic-subsequences?tab=editorial&source=strivers-a2z-dsa-track","","","https://leetcode.com/problems/count-palindromic-subsequences/",""